-- CREATE TABLE post_author
-- (
--     post_id   BIGINT  NOT NULL
--     ,author_id BIGINT  NOT NULL
-- );

-- INSERT INTO author (ID, FIRST_NAME, LAST_NAME, USERNAME)
-- SELECT *
--   FROM CSVREAD( 'classpath:authors.csv', NULL )

-- attachment inserts
INSERT INTO attachment(post_id,file_name) VALUES (41,'EtErosVestibulum.tiff');
INSERT INTO attachment(post_id,file_name) VALUES (12,'DapibusDuisAt.mp3');
INSERT INTO attachment(post_id,file_name) VALUES (113,'IpsumDolorSit.mov');
INSERT INTO attachment(post_id,file_name) VALUES (80,'NullaPede.mov');
INSERT INTO attachment(post_id,file_name) VALUES (24,'NibhIn.mp3');
INSERT INTO attachment(post_id,file_name) VALUES (59,'Volutpat.avi');
INSERT INTO attachment(post_id,file_name) VALUES (1,'Lectus.avi');
INSERT INTO attachment(post_id,file_name) VALUES (66,'LuctusEtUltrices.avi');
INSERT INTO attachment(post_id,file_name) VALUES (86,'Justo.avi');
INSERT INTO attachment(post_id,file_name) VALUES (111,'LuctusEtUltrices.avi');
INSERT INTO attachment(post_id,file_name) VALUES (85,'At.ppt');
INSERT INTO attachment(post_id,file_name) VALUES (88,'Cras.jpeg');
INSERT INTO attachment(post_id,file_name) VALUES (93,'EstDonec.tiff');
INSERT INTO attachment(post_id,file_name) VALUES (66,'DictumstAliquamAugue.xls');
INSERT INTO attachment(post_id,file_name) VALUES (73,'LobortisConvallisTortor.mp3');
INSERT INTO attachment(post_id,file_name) VALUES (2,'ErosSuspendisseAccumsan.avi');
INSERT INTO attachment(post_id,file_name) VALUES (90,'Nibh.avi');
INSERT INTO attachment(post_id,file_name) VALUES (52,'ASuscipitNulla.tiff');
INSERT INTO attachment(post_id,file_name) VALUES (52,'PhasellusIdSapien.mp3');
INSERT INTO attachment(post_id,file_name) VALUES (71,'ConvallisNuncProin.ppt');
INSERT INTO attachment(post_id,file_name) VALUES (91,'LaciniaErat.jpeg');
INSERT INTO attachment(post_id,file_name) VALUES (148,'DictumstEtiam.tiff');
INSERT INTO attachment(post_id,file_name) VALUES (130,'NislDuis.avi');
INSERT INTO attachment(post_id,file_name) VALUES (28,'SedMagna.ppt');
INSERT INTO attachment(post_id,file_name) VALUES (38,'ConvallisTortor.mp3');
INSERT INTO attachment(post_id,file_name) VALUES (95,'Consectetuer.avi');
INSERT INTO attachment(post_id,file_name) VALUES (123,'Eget.gif');
INSERT INTO attachment(post_id,file_name) VALUES (49,'Lobortis.pdf');
INSERT INTO attachment(post_id,file_name) VALUES (100,'Lobortis.ppt');
INSERT INTO attachment(post_id,file_name) VALUES (138,'Potenti.jpeg');
INSERT INTO attachment(post_id,file_name) VALUES (6,'Vulputate.doc');
INSERT INTO attachment(post_id,file_name) VALUES (71,'NamTristique.mp3');
INSERT INTO attachment(post_id,file_name) VALUES (111,'Nullam.mpeg');
INSERT INTO attachment(post_id,file_name) VALUES (50,'TortorDuisMattis.doc');
INSERT INTO attachment(post_id,file_name) VALUES (12,'TinciduntIn.mp3');
INSERT INTO attachment(post_id,file_name) VALUES (102,'EgetVulputateUt.avi');
INSERT INTO attachment(post_id,file_name) VALUES (7,'MaecenasUt.jpeg');
INSERT INTO attachment(post_id,file_name) VALUES (11,'ElementumNullamVarius.xls');
INSERT INTO attachment(post_id,file_name) VALUES (102,'Integer.avi');
INSERT INTO attachment(post_id,file_name) VALUES (131,'Non.png');
INSERT INTO attachment(post_id,file_name) VALUES (127,'SedMagnaAt.avi');
INSERT INTO attachment(post_id,file_name) VALUES (96,'InterdumMauris.txt');
INSERT INTO attachment(post_id,file_name) VALUES (106,'DonecSemper.txt');
INSERT INTO attachment(post_id,file_name) VALUES (47,'FeugiatEtEros.avi');
INSERT INTO attachment(post_id,file_name) VALUES (44,'NullaEgetEros.mp3');
INSERT INTO attachment(post_id,file_name) VALUES (65,'Vivamus.mp3');
INSERT INTO attachment(post_id,file_name) VALUES (135,'PorttitorPede.xls');
INSERT INTO attachment(post_id,file_name) VALUES (131,'A.avi');
INSERT INTO attachment(post_id,file_name) VALUES (54,'HacHabitassePlatea.doc');
INSERT INTO attachment(post_id,file_name) VALUES (87,'PretiumQuisLectus.avi');
INSERT INTO attachment(post_id,file_name) VALUES (110,'VehiculaConsequat.ppt');
INSERT INTO attachment(post_id,file_name) VALUES (56,'NullaUltricesAliquet.avi');
INSERT INTO attachment(post_id,file_name) VALUES (133,'In.mp3');
INSERT INTO attachment(post_id,file_name) VALUES (75,'Vestibulum.xls');
INSERT INTO attachment(post_id,file_name) VALUES (147,'SitAmetCursus.tiff');
INSERT INTO attachment(post_id,file_name) VALUES (71,'VestibulumSitAmet.mp3');
INSERT INTO attachment(post_id,file_name) VALUES (2,'PrimisIn.ppt');
INSERT INTO attachment(post_id,file_name) VALUES (21,'PhasellusSit.mp3');
INSERT INTO attachment(post_id,file_name) VALUES (35,'Eget.mp3');
INSERT INTO attachment(post_id,file_name) VALUES (149,'LacusMorbiSem.mpeg');
INSERT INTO attachment(post_id,file_name) VALUES (82,'TinciduntLacusAt.ppt');
INSERT INTO attachment(post_id,file_name) VALUES (84,'ConvallisTortor.pdf');
INSERT INTO attachment(post_id,file_name) VALUES (146,'Pede.avi');
INSERT INTO attachment(post_id,file_name) VALUES (96,'UllamcorperPurus.xls');
INSERT INTO attachment(post_id,file_name) VALUES (65,'ConsequatUtNulla.mp3');
INSERT INTO attachment(post_id,file_name) VALUES (109,'Faucibus.mp3');
INSERT INTO attachment(post_id,file_name) VALUES (100,'Platea.xls');
INSERT INTO attachment(post_id,file_name) VALUES (57,'In.pdf');
INSERT INTO attachment(post_id,file_name) VALUES (35,'QuisTurpisEget.txt');
INSERT INTO attachment(post_id,file_name) VALUES (14,'PharetraMagna.mp3');
INSERT INTO attachment(post_id,file_name) VALUES (14,'AccumsanTellusNisi.xls');
INSERT INTO attachment(post_id,file_name) VALUES (58,'NullaInteger.xls');
INSERT INTO attachment(post_id,file_name) VALUES (24,'ConvallisDuisConsequat.ppt');
INSERT INTO attachment(post_id,file_name) VALUES (133,'AtFeugiat.tiff');
INSERT INTO attachment(post_id,file_name) VALUES (119,'EgestasMetus.xls');
INSERT INTO attachment(post_id,file_name) VALUES (31,'QuisTurpis.tiff');
INSERT INTO attachment(post_id,file_name) VALUES (125,'SapienUrnaPretium.xls');
INSERT INTO attachment(post_id,file_name) VALUES (16,'Metus.xls');
INSERT INTO attachment(post_id,file_name) VALUES (22,'AIpsum.gif');
INSERT INTO attachment(post_id,file_name) VALUES (106,'RisusPraesentLectus.jpeg');
INSERT INTO attachment(post_id,file_name) VALUES (127,'RhoncusAliquamLacus.mp3');
INSERT INTO attachment(post_id,file_name) VALUES (75,'PortaVolutpatQuam.ppt');
INSERT INTO attachment(post_id,file_name) VALUES (65,'PrimisInFaucibus.mp3');
INSERT INTO attachment(post_id,file_name) VALUES (31,'Volutpat.xls');
INSERT INTO attachment(post_id,file_name) VALUES (52,'Dui.ppt');
INSERT INTO attachment(post_id,file_name) VALUES (122,'VulputateJusto.ppt');
INSERT INTO attachment(post_id,file_name) VALUES (55,'TurpisA.ppt');
INSERT INTO attachment(post_id,file_name) VALUES (29,'Sapien.gif');
INSERT INTO attachment(post_id,file_name) VALUES (26,'Maecenas.xls');
INSERT INTO attachment(post_id,file_name) VALUES (5,'Condimentum.pdf');
INSERT INTO attachment(post_id,file_name) VALUES (78,'Nunc.ppt');
INSERT INTO attachment(post_id,file_name) VALUES (68,'Donec.ppt');
INSERT INTO attachment(post_id,file_name) VALUES (21,'Lobortis.avi');
INSERT INTO attachment(post_id,file_name) VALUES (111,'Etiam.jpeg');
INSERT INTO attachment(post_id,file_name) VALUES (22,'VivamusTortor.tiff');
INSERT INTO attachment(post_id,file_name) VALUES (24,'VestibulumAliquetUltrices.gif');
INSERT INTO attachment(post_id,file_name) VALUES (94,'NecCondimentum.ppt');
INSERT INTO attachment(post_id,file_name) VALUES (118,'InAnte.ppt');
INSERT INTO attachment(post_id,file_name) VALUES (88,'TempusSemper.xls');
INSERT INTO attachment(post_id,file_name) VALUES (93,'AtIpsum.avi');
INSERT INTO attachment(post_id,file_name) VALUES (100,'VariusUt.mp3');
INSERT INTO attachment(post_id,file_name) VALUES (74,'Potenti.avi');
INSERT INTO attachment(post_id,file_name) VALUES (58,'Pretium.mp3');
INSERT INTO attachment(post_id,file_name) VALUES (143,'PlateaDictumstAliquam.pdf');
INSERT INTO attachment(post_id,file_name) VALUES (109,'VitaeIpsum.ppt');
INSERT INTO attachment(post_id,file_name) VALUES (58,'Vel.ppt');
INSERT INTO attachment(post_id,file_name) VALUES (32,'Dictumst.png');
INSERT INTO attachment(post_id,file_name) VALUES (129,'InHacHabitasse.tiff');
INSERT INTO attachment(post_id,file_name) VALUES (65,'Ultrices.ppt');
INSERT INTO attachment(post_id,file_name) VALUES (122,'SedVestibulum.gif');
INSERT INTO attachment(post_id,file_name) VALUES (41,'Sapien.avi');
INSERT INTO attachment(post_id,file_name) VALUES (142,'Mauris.doc');
INSERT INTO attachment(post_id,file_name) VALUES (1,'VelIpsum.avi');
INSERT INTO attachment(post_id,file_name) VALUES (90,'NislNuncNisl.tiff');
INSERT INTO attachment(post_id,file_name) VALUES (47,'Sed.mov');
INSERT INTO attachment(post_id,file_name) VALUES (96,'Feugiat.avi');
INSERT INTO attachment(post_id,file_name) VALUES (17,'Turpis.tiff');
INSERT INTO attachment(post_id,file_name) VALUES (66,'ConvallisNunc.mpeg');
INSERT INTO attachment(post_id,file_name) VALUES (19,'Pellentesque.xls');
INSERT INTO attachment(post_id,file_name) VALUES (14,'Odio.tiff');
INSERT INTO attachment(post_id,file_name) VALUES (87,'AcConsequatMetus.avi');
INSERT INTO attachment(post_id,file_name) VALUES (52,'MiNulla.tiff');
INSERT INTO attachment(post_id,file_name) VALUES (48,'VestibulumVelitId.txt');
INSERT INTO attachment(post_id,file_name) VALUES (40,'AmetLobortisSapien.tiff');
INSERT INTO attachment(post_id,file_name) VALUES (6,'In.mpeg');
INSERT INTO attachment(post_id,file_name) VALUES (109,'Ligula.avi');
INSERT INTO attachment(post_id,file_name) VALUES (106,'Diam.tiff');
INSERT INTO attachment(post_id,file_name) VALUES (115,'PharetraMagna.tiff');
INSERT INTO attachment(post_id,file_name) VALUES (4,'NonMi.xls');
INSERT INTO attachment(post_id,file_name) VALUES (16,'IdNulla.png');
INSERT INTO attachment(post_id,file_name) VALUES (130,'Dui.mp3');
INSERT INTO attachment(post_id,file_name) VALUES (67,'DapibusNullaSuscipit.jpeg');
INSERT INTO attachment(post_id,file_name) VALUES (108,'AugueLuctusTincidunt.tiff');
INSERT INTO attachment(post_id,file_name) VALUES (60,'VivamusTortorDuis.mpeg');
INSERT INTO attachment(post_id,file_name) VALUES (114,'NullaMollis.txt');
INSERT INTO attachment(post_id,file_name) VALUES (76,'Mauris.xls');
INSERT INTO attachment(post_id,file_name) VALUES (102,'JustoSollicitudin.avi');
INSERT INTO attachment(post_id,file_name) VALUES (80,'DuisAliquamConvallis.xls');
INSERT INTO attachment(post_id,file_name) VALUES (127,'UtAtDolor.avi');
INSERT INTO attachment(post_id,file_name) VALUES (116,'NislDuisBibendum.xls');
INSERT INTO attachment(post_id,file_name) VALUES (61,'ArcuLibero.gif');
INSERT INTO attachment(post_id,file_name) VALUES (88,'LuctusEtUltrices.xls');
INSERT INTO attachment(post_id,file_name) VALUES (147,'LectusPellentesqueAt.xls');
INSERT INTO attachment(post_id,file_name) VALUES (83,'IaculisJustoIn.xls');
INSERT INTO attachment(post_id,file_name) VALUES (115,'UtUltrices.gif');
INSERT INTO attachment(post_id,file_name) VALUES (130,'SitAmetJusto.jpeg');
INSERT INTO attachment(post_id,file_name) VALUES (97,'Penatibus.pdf');
INSERT INTO attachment(post_id,file_name) VALUES (149,'Ultrices.xls');
INSERT INTO attachment(post_id,file_name) VALUES (111,'CurabiturAt.ppt');
INSERT INTO attachment(post_id,file_name) VALUES (52,'Ipsum.mpeg');
INSERT INTO attachment(post_id,file_name) VALUES (127,'Suspendisse.png');
INSERT INTO attachment(post_id,file_name) VALUES (21,'NonummyMaecenas.tiff');
INSERT INTO attachment(post_id,file_name) VALUES (137,'ParturientMontesNascetur.avi');
INSERT INTO attachment(post_id,file_name) VALUES (62,'DonecVitae.xls');
INSERT INTO attachment(post_id,file_name) VALUES (96,'Magnis.mp3');
INSERT INTO attachment(post_id,file_name) VALUES (40,'LacusMorbi.avi');
INSERT INTO attachment(post_id,file_name) VALUES (18,'TortorIdNulla.mov');
INSERT INTO attachment(post_id,file_name) VALUES (3,'EstDonec.avi');
INSERT INTO attachment(post_id,file_name) VALUES (64,'IntegerAliquet.jpeg');
INSERT INTO attachment(post_id,file_name) VALUES (100,'QuisTurpis.mpeg');
INSERT INTO attachment(post_id,file_name) VALUES (102,'Semper.txt');
INSERT INTO attachment(post_id,file_name) VALUES (107,'PlateaDictumstMorbi.png');
INSERT INTO attachment(post_id,file_name) VALUES (89,'PrimisInFaucibus.tiff');
INSERT INTO attachment(post_id,file_name) VALUES (43,'Aliquam.ppt');
INSERT INTO attachment(post_id,file_name) VALUES (126,'Vivamus.ppt');
INSERT INTO attachment(post_id,file_name) VALUES (141,'PedeVenenatisNon.ppt');
INSERT INTO attachment(post_id,file_name) VALUES (52,'UtNulla.xls');
INSERT INTO attachment(post_id,file_name) VALUES (95,'AliquetPulvinarSed.txt');
INSERT INTO attachment(post_id,file_name) VALUES (142,'HabitassePlateaDictumst.mov');
INSERT INTO attachment(post_id,file_name) VALUES (139,'Nisl.xls');
INSERT INTO attachment(post_id,file_name) VALUES (70,'IdConsequatIn.doc');
INSERT INTO attachment(post_id,file_name) VALUES (20,'NullaMollis.png');
INSERT INTO attachment(post_id,file_name) VALUES (138,'EtMagnis.mp3');
INSERT INTO attachment(post_id,file_name) VALUES (95,'VestibulumQuam.xls');
INSERT INTO attachment(post_id,file_name) VALUES (45,'Accumsan.xls');
INSERT INTO attachment(post_id,file_name) VALUES (5,'TortorSollicitudinMi.tiff');
INSERT INTO attachment(post_id,file_name) VALUES (66,'EuNibhQuisque.ppt');
INSERT INTO attachment(post_id,file_name) VALUES (114,'QuisOrciEget.xls');
INSERT INTO attachment(post_id,file_name) VALUES (28,'MaurisSitAmet.ppt');
INSERT INTO attachment(post_id,file_name) VALUES (149,'A.xls');
INSERT INTO attachment(post_id,file_name) VALUES (112,'Sagittis.jpeg');
INSERT INTO attachment(post_id,file_name) VALUES (23,'NullaMollis.jpeg');
INSERT INTO attachment(post_id,file_name) VALUES (48,'NecMolestieSed.ppt');
INSERT INTO attachment(post_id,file_name) VALUES (129,'SemperSapien.ppt');
INSERT INTO attachment(post_id,file_name) VALUES (76,'LigulaNec.mp3');
INSERT INTO attachment(post_id,file_name) VALUES (41,'Et.avi');
INSERT INTO attachment(post_id,file_name) VALUES (121,'NuncCommodo.xls');
INSERT INTO attachment(post_id,file_name) VALUES (144,'OrnareConsequat.doc');
INSERT INTO attachment(post_id,file_name) VALUES (88,'SedAnte.avi');
INSERT INTO attachment(post_id,file_name) VALUES (11,'CurabiturConvallisDuis.xls');
INSERT INTO attachment(post_id,file_name) VALUES (67,'UtAtDolor.avi');
INSERT INTO attachment(post_id,file_name) VALUES (19,'VitaeMattis.png');
INSERT INTO attachment(post_id,file_name) VALUES (83,'IdPretiumIaculis.ppt');
INSERT INTO attachment(post_id,file_name) VALUES (75,'Bibendum.jpeg');
INSERT INTO attachment(post_id,file_name) VALUES (65,'IaculisCongueVivamus.mp3');
INSERT INTO attachment(post_id,file_name) VALUES (7,'SitAmet.xls');
INSERT INTO attachment(post_id,file_name) VALUES (2,'HacHabitasse.tiff');
INSERT INTO attachment(post_id,file_name) VALUES (135,'NislAeneanLectus.ppt');
INSERT INTO attachment(post_id,file_name) VALUES (97,'VestibulumAnte.mp3');
INSERT INTO attachment(post_id,file_name) VALUES (78,'InCongue.xls');
INSERT INTO attachment(post_id,file_name) VALUES (133,'Mi.tiff');
INSERT INTO attachment(post_id,file_name) VALUES (31,'AmetEleifendPede.mpeg');
INSERT INTO attachment(post_id,file_name) VALUES (45,'NecDui.doc');
INSERT INTO attachment(post_id,file_name) VALUES (71,'LuctusEt.ppt');
INSERT INTO attachment(post_id,file_name) VALUES (100,'DisParturient.png');
INSERT INTO attachment(post_id,file_name) VALUES (116,'CongueEtiam.txt');
INSERT INTO attachment(post_id,file_name) VALUES (17,'IdSapien.mov');
INSERT INTO attachment(post_id,file_name) VALUES (1,'UtUltrices.xls');
INSERT INTO attachment(post_id,file_name) VALUES (12,'AtDolor.avi');
INSERT INTO attachment(post_id,file_name) VALUES (78,'ConsequatNullaNisl.ppt');
INSERT INTO attachment(post_id,file_name) VALUES (102,'Enim.avi');
INSERT INTO attachment(post_id,file_name) VALUES (29,'OdioPorttitorId.mp3');
INSERT INTO attachment(post_id,file_name) VALUES (55,'SedVelEnim.ppt');
INSERT INTO attachment(post_id,file_name) VALUES (8,'OrciPedeVenenatis.jpeg');
INSERT INTO attachment(post_id,file_name) VALUES (53,'NuncRhoncus.mp3');
INSERT INTO attachment(post_id,file_name) VALUES (81,'ProinLeoOdio.png');
INSERT INTO attachment(post_id,file_name) VALUES (141,'Orci.avi');
INSERT INTO attachment(post_id,file_name) VALUES (126,'FaucibusOrci.avi');
INSERT INTO attachment(post_id,file_name) VALUES (118,'CumSociisNatoque.pdf');
INSERT INTO attachment(post_id,file_name) VALUES (80,'Quis.mov');
INSERT INTO attachment(post_id,file_name) VALUES (33,'CurabiturConvallisDuis.mov');
INSERT INTO attachment(post_id,file_name) VALUES (105,'BlanditLacinia.ppt');
INSERT INTO attachment(post_id,file_name) VALUES (60,'Amet.pdf');
INSERT INTO attachment(post_id,file_name) VALUES (46,'ViverraDapibus.txt');
INSERT INTO attachment(post_id,file_name) VALUES (140,'AnteVestibulum.avi');
INSERT INTO attachment(post_id,file_name) VALUES (53,'MassaIdLobortis.ppt');
INSERT INTO attachment(post_id,file_name) VALUES (51,'NecDui.png');
INSERT INTO attachment(post_id,file_name) VALUES (59,'Nisi.avi');
INSERT INTO attachment(post_id,file_name) VALUES (19,'Tristique.avi');
INSERT INTO attachment(post_id,file_name) VALUES (143,'ConvallisEgetEleifend.png');
INSERT INTO attachment(post_id,file_name) VALUES (97,'Velit.xls');
INSERT INTO attachment(post_id,file_name) VALUES (10,'ElementumLigulaVehicula.mp3');
INSERT INTO attachment(post_id,file_name) VALUES (76,'Penatibus.ppt');
INSERT INTO attachment(post_id,file_name) VALUES (99,'NamUltricesLibero.xls');
INSERT INTO attachment(post_id,file_name) VALUES (92,'SollicitudinMi.mp3');
INSERT INTO attachment(post_id,file_name) VALUES (135,'EratCurabitur.avi');
INSERT INTO attachment(post_id,file_name) VALUES (43,'VivamusVelNulla.mp3');
INSERT INTO attachment(post_id,file_name) VALUES (111,'Eget.avi');
INSERT INTO attachment(post_id,file_name) VALUES (104,'Ullamcorper.txt');
INSERT INTO attachment(post_id,file_name) VALUES (54,'ElementumNullam.avi');
INSERT INTO attachment(post_id,file_name) VALUES (72,'NisiEu.xls');
INSERT INTO attachment(post_id,file_name) VALUES (22,'VivamusIn.ppt');
INSERT INTO attachment(post_id,file_name) VALUES (71,'InEleifend.xls');
INSERT INTO attachment(post_id,file_name) VALUES (128,'DonecPharetraMagna.xls');
INSERT INTO attachment(post_id,file_name) VALUES (35,'Porttitor.xls');
INSERT INTO attachment(post_id,file_name) VALUES (88,'SitAmetErat.mp3');
INSERT INTO attachment(post_id,file_name) VALUES (42,'NequeSapienPlacerat.png');
INSERT INTO attachment(post_id,file_name) VALUES (35,'Lorem.mpeg');
INSERT INTO attachment(post_id,file_name) VALUES (23,'PotentiInEleifend.xls');
INSERT INTO attachment(post_id,file_name) VALUES (105,'Vestibulum.mov');
INSERT INTO attachment(post_id,file_name) VALUES (115,'Vivamus.mpeg');
INSERT INTO attachment(post_id,file_name) VALUES (76,'HabitassePlatea.xls');
INSERT INTO attachment(post_id,file_name) VALUES (130,'EratCurabitur.mpeg');
INSERT INTO attachment(post_id,file_name) VALUES (138,'NullaQuisqueArcu.xls');
INSERT INTO attachment(post_id,file_name) VALUES (6,'SitAmetJusto.mp3');
INSERT INTO attachment(post_id,file_name) VALUES (11,'Quisque.jpeg');
INSERT INTO attachment(post_id,file_name) VALUES (135,'TemporTurpisNec.mpeg');
INSERT INTO attachment(post_id,file_name) VALUES (104,'ElitProinRisus.gif');
INSERT INTO attachment(post_id,file_name) VALUES (21,'Viverra.ppt');
INSERT INTO attachment(post_id,file_name) VALUES (114,'DuiLuctus.gif');
INSERT INTO attachment(post_id,file_name) VALUES (116,'Volutpat.avi');
INSERT INTO attachment(post_id,file_name) VALUES (22,'DictumstAliquamAugue.doc');
INSERT INTO attachment(post_id,file_name) VALUES (69,'EuEstCongue.avi');
INSERT INTO attachment(post_id,file_name) VALUES (123,'TinciduntEuFelis.doc');
INSERT INTO attachment(post_id,file_name) VALUES (30,'Tincidunt.jpeg');
INSERT INTO attachment(post_id,file_name) VALUES (82,'DuiMaecenasTristique.txt');
INSERT INTO attachment(post_id,file_name) VALUES (76,'CursusUrnaUt.avi');
INSERT INTO attachment(post_id,file_name) VALUES (77,'MorbiA.txt');
INSERT INTO attachment(post_id,file_name) VALUES (55,'DiamVitae.xls');
INSERT INTO attachment(post_id,file_name) VALUES (107,'DuiNecNisi.avi');
INSERT INTO attachment(post_id,file_name) VALUES (75,'RutrumNeque.doc');
INSERT INTO attachment(post_id,file_name) VALUES (25,'SedAugueAliquam.ppt');
INSERT INTO attachment(post_id,file_name) VALUES (149,'InSagittisDui.xls');
INSERT INTO attachment(post_id,file_name) VALUES (143,'EgetCongue.txt');
INSERT INTO attachment(post_id,file_name) VALUES (120,'TurpisNecEuismod.mp3');
INSERT INTO attachment(post_id,file_name) VALUES (35,'IdPretium.xls');
INSERT INTO attachment(post_id,file_name) VALUES (119,'Metus.xls');
INSERT INTO attachment(post_id,file_name) VALUES (47,'Morbi.ppt');
INSERT INTO attachment(post_id,file_name) VALUES (139,'HendreritAtVulputate.avi');
INSERT INTO attachment(post_id,file_name) VALUES (75,'In.tiff');
INSERT INTO attachment(post_id,file_name) VALUES (56,'Ac.ppt');
INSERT INTO attachment(post_id,file_name) VALUES (93,'VestibulumAnte.gif');
INSERT INTO attachment(post_id,file_name) VALUES (105,'BlanditNamNulla.avi');
INSERT INTO attachment(post_id,file_name) VALUES (131,'Nibh.ppt');
INSERT INTO attachment(post_id,file_name) VALUES (111,'RutrumRutrumNeque.jpeg');
INSERT INTO attachment(post_id,file_name) VALUES (32,'Maecenas.xls');
INSERT INTO attachment(post_id,file_name) VALUES (140,'EstRisus.ppt');
INSERT INTO attachment(post_id,file_name) VALUES (51,'IntegerNonVelit.xls');
INSERT INTO attachment(post_id,file_name) VALUES (29,'IpsumPrimis.ppt');
INSERT INTO attachment(post_id,file_name) VALUES (10,'DonecOdioJusto.png');
INSERT INTO attachment(post_id,file_name) VALUES (98,'DuisBibendum.ppt');
INSERT INTO attachment(post_id,file_name) VALUES (38,'NullaIntegerPede.gif');
INSERT INTO attachment(post_id,file_name) VALUES (77,'EtUltrices.mp3');
INSERT INTO attachment(post_id,file_name) VALUES (67,'Nulla.doc');
INSERT INTO attachment(post_id,file_name) VALUES (82,'OrciLuctus.mov');
INSERT INTO attachment(post_id,file_name) VALUES (142,'MorbiUt.mpeg');
INSERT INTO attachment(post_id,file_name) VALUES (11,'HacHabitassePlatea.mp3');
INSERT INTO attachment(post_id,file_name) VALUES (70,'Porttitor.mpeg');
INSERT INTO attachment(post_id,file_name) VALUES (128,'Integer.ppt');
INSERT INTO attachment(post_id,file_name) VALUES (45,'Suspendisse.ppt');



-- author inserts
INSERT INTO author(id,first_name,last_name,username) VALUES (1,'Thomasa','Rignold','trignold0');
INSERT INTO author(id,first_name,last_name,username) VALUES (2,'Ilysa','MacCroary','imaccroary1');
INSERT INTO author(id,first_name,last_name,username) VALUES (3,'Aleksandr','Dike','adike2');
INSERT INTO author(id,first_name,last_name,username) VALUES (4,'Rollins','Dearell','rdearell3');
INSERT INTO author(id,first_name,last_name,username) VALUES (5,'Vinnie','Valentine','vvalentine4');
INSERT INTO author(id,first_name,last_name,username) VALUES (6,'Hesther','Alchin','halchin5');
INSERT INTO author(id,first_name,last_name,username) VALUES (7,'Raleigh','Degue','rdegue6');
INSERT INTO author(id,first_name,last_name,username) VALUES (8,'Olav','Mulqueeny','omulqueeny7');
INSERT INTO author(id,first_name,last_name,username) VALUES (9,'Em','Maciunas','emaciunas8');
INSERT INTO author(id,first_name,last_name,username) VALUES (10,'Thor','Quelch','tquelch9');
INSERT INTO author(id,first_name,last_name,username) VALUES (11,'Anatol','Van Halle','avanhallea');
INSERT INTO author(id,first_name,last_name,username) VALUES (12,'Ives','Riepl','irieplb');
INSERT INTO author(id,first_name,last_name,username) VALUES (13,'Tori','Kineton','tkinetonc');
INSERT INTO author(id,first_name,last_name,username) VALUES (14,'Vannie','Grzelczak','vgrzelczakd');
INSERT INTO author(id,first_name,last_name,username) VALUES (15,'Erik','Pales','epalese');
INSERT INTO author(id,first_name,last_name,username) VALUES (16,'Boyd','Zorzi','bzorzif');
INSERT INTO author(id,first_name,last_name,username) VALUES (17,'Mike','Anyene','manyeneg');
INSERT INTO author(id,first_name,last_name,username) VALUES (18,'Elie','Shoosmith','eshoosmithh');
INSERT INTO author(id,first_name,last_name,username) VALUES (19,'Amara','Andreazzi','aandreazzii');
INSERT INTO author(id,first_name,last_name,username) VALUES (20,'Ramon','Farran','rfarranj');
INSERT INTO author(id,first_name,last_name,username) VALUES (21,'Adria','Pina','apinak');
INSERT INTO author(id,first_name,last_name,username) VALUES (22,'Cinda','Nitti','cnittil');
INSERT INTO author(id,first_name,last_name,username) VALUES (23,'Ignacio','Avieson','iaviesonm');
INSERT INTO author(id,first_name,last_name,username) VALUES (24,'Debor','Seniour','dseniourn');
INSERT INTO author(id,first_name,last_name,username) VALUES (25,'Tammy','Kirimaa','tkirimaao');
INSERT INTO author(id,first_name,last_name,username) VALUES (26,'Lonee','Munro','lmunrop');
INSERT INTO author(id,first_name,last_name,username) VALUES (27,'Keely','Larner','klarnerq');
INSERT INTO author(id,first_name,last_name,username) VALUES (28,'Faustine','Faveryear','ffaveryearr');
INSERT INTO author(id,first_name,last_name,username) VALUES (29,'Melisandra','Kinver','mkinvers');
INSERT INTO author(id,first_name,last_name,username) VALUES (30,'Sela','Heistermann','sheistermannt');
INSERT INTO author(id,first_name,last_name,username) VALUES (31,'Ashly','Alywen','aalywenu');
INSERT INTO author(id,first_name,last_name,username) VALUES (32,'Scarlett','Perri','sperriv');
INSERT INTO author(id,first_name,last_name,username) VALUES (33,'Micaela','Pinkney','mpinkneyw');
INSERT INTO author(id,first_name,last_name,username) VALUES (34,'Peter','Gaymar','pgaymarx');
INSERT INTO author(id,first_name,last_name,username) VALUES (35,'Susan','Monte','smontey');
INSERT INTO author(id,first_name,last_name,username) VALUES (36,'Urban','Antoinet','uantoinetz');
INSERT INTO author(id,first_name,last_name,username) VALUES (37,'Misti','Canti','mcanti10');
INSERT INTO author(id,first_name,last_name,username) VALUES (38,'Binky','Beche','bbeche11');
INSERT INTO author(id,first_name,last_name,username) VALUES (39,'Lorette','Doolan','ldoolan12');
INSERT INTO author(id,first_name,last_name,username) VALUES (40,'Fitz','Middlemist','fmiddlemist13');
INSERT INTO author(id,first_name,last_name,username) VALUES (41,'Frannie','Rasper','frasper14');
INSERT INTO author(id,first_name,last_name,username) VALUES (42,'Anet','Bockmann','abockmann15');
INSERT INTO author(id,first_name,last_name,username) VALUES (43,'Adelle','Axcel','aaxcel16');
INSERT INTO author(id,first_name,last_name,username) VALUES (44,'Eleni','Godfrey','egodfrey17');
INSERT INTO author(id,first_name,last_name,username) VALUES (45,'Emmerich','Crassweller','ecrassweller18');
INSERT INTO author(id,first_name,last_name,username) VALUES (46,'Toby','Kharchinski','tkharchinski19');
INSERT INTO author(id,first_name,last_name,username) VALUES (47,'Mikael','Danielsson','mdanielsson1a');
INSERT INTO author(id,first_name,last_name,username) VALUES (48,'Kirsten','Hartly','khartly1b');
INSERT INTO author(id,first_name,last_name,username) VALUES (49,'Emory','Carhart','ecarhart1c');
INSERT INTO author(id,first_name,last_name,username) VALUES (50,'Gerardo','Sleeman','gsleeman1d');
INSERT INTO author(id,first_name,last_name,username) VALUES (51,'Lizabeth','Dawkins','ldawkins1e');
INSERT INTO author(id,first_name,last_name,username) VALUES (52,'Elwira','Gething','egething1f');
INSERT INTO author(id,first_name,last_name,username) VALUES (53,'Whit','Fidal','wfidal1g');
INSERT INTO author(id,first_name,last_name,username) VALUES (54,'Nelson','Kesterton','nkesterton1h');
INSERT INTO author(id,first_name,last_name,username) VALUES (55,'Maurizia','Brittin','mbrittin1i');
INSERT INTO author(id,first_name,last_name,username) VALUES (56,'Delores','Pee','dpee1j');
INSERT INTO author(id,first_name,last_name,username) VALUES (57,'Karney','Locksley','klocksley1k');
INSERT INTO author(id,first_name,last_name,username) VALUES (58,'Larisa','Blaker','lblaker1l');
INSERT INTO author(id,first_name,last_name,username) VALUES (59,'Filip','Dare','fdare1m');
INSERT INTO author(id,first_name,last_name,username) VALUES (60,'Kliment','Flewitt','kflewitt1n');
INSERT INTO author(id,first_name,last_name,username) VALUES (61,'Cly','Bim','cbim1o');
INSERT INTO author(id,first_name,last_name,username) VALUES (62,'Patrizius','De Filippis','pdefilippis1p');
INSERT INTO author(id,first_name,last_name,username) VALUES (63,'Daniele','Doswell','ddoswell1q');
INSERT INTO author(id,first_name,last_name,username) VALUES (64,'Brett','Easseby','beasseby1r');
INSERT INTO author(id,first_name,last_name,username) VALUES (65,'Peder','Attoc','pattoc1s');
INSERT INTO author(id,first_name,last_name,username) VALUES (66,'Ambrosi','Grinishin','agrinishin1t');
INSERT INTO author(id,first_name,last_name,username) VALUES (67,'Brit','Satteford','bsatteford1u');
INSERT INTO author(id,first_name,last_name,username) VALUES (68,'Lonnie','Logue','llogue1v');
INSERT INTO author(id,first_name,last_name,username) VALUES (69,'Jeanna','Blaxlande','jblaxlande1w');
INSERT INTO author(id,first_name,last_name,username) VALUES (70,'Tamiko','Gellier','tgellier1x');
INSERT INTO author(id,first_name,last_name,username) VALUES (71,'Sumner','Sprey','ssprey1y');
INSERT INTO author(id,first_name,last_name,username) VALUES (72,'Carmelina','Dumphry','cdumphry1z');
INSERT INTO author(id,first_name,last_name,username) VALUES (73,'Giorgia','McKerton','gmckerton20');
INSERT INTO author(id,first_name,last_name,username) VALUES (74,'Renae','Luff','rluff21');
INSERT INTO author(id,first_name,last_name,username) VALUES (75,'Grazia','Dyhouse','gdyhouse22');
INSERT INTO author(id,first_name,last_name,username) VALUES (76,'Cecil','Colclough','ccolclough23');
INSERT INTO author(id,first_name,last_name,username) VALUES (77,'Bart','Semerad','bsemerad24');
INSERT INTO author(id,first_name,last_name,username) VALUES (78,'Ellsworth','Handscombe','ehandscombe25');
INSERT INTO author(id,first_name,last_name,username) VALUES (79,'Nial','Bolin','nbolin26');
INSERT INTO author(id,first_name,last_name,username) VALUES (80,'Leoine','Boydell','lboydell27');
INSERT INTO author(id,first_name,last_name,username) VALUES (81,'Olympie','Calkin','ocalkin28');
INSERT INTO author(id,first_name,last_name,username) VALUES (82,'Barry','Mousdall','bmousdall29');
INSERT INTO author(id,first_name,last_name,username) VALUES (83,'Arnaldo','Medler','amedler2a');
INSERT INTO author(id,first_name,last_name,username) VALUES (84,'Gerri','Sweeney','gsweeney2b');
INSERT INTO author(id,first_name,last_name,username) VALUES (85,'Leonanie','Sucre','lsucre2c');
INSERT INTO author(id,first_name,last_name,username) VALUES (86,'Mahalia','Aviss','maviss2d');
INSERT INTO author(id,first_name,last_name,username) VALUES (87,'Anica','Bolt','abolt2e');
INSERT INTO author(id,first_name,last_name,username) VALUES (88,'Vanessa','Plues','vplues2f');
INSERT INTO author(id,first_name,last_name,username) VALUES (89,'Marven','Bleesing','mbleesing2g');
INSERT INTO author(id,first_name,last_name,username) VALUES (90,'Reid','Lillford','rlillford2h');
INSERT INTO author(id,first_name,last_name,username) VALUES (91,'Willey','Parmley','wparmley2i');
INSERT INTO author(id,first_name,last_name,username) VALUES (92,'Margalo','McCleverty','mmccleverty2j');
INSERT INTO author(id,first_name,last_name,username) VALUES (93,'Kerwinn','Polotti','kpolotti2k');
INSERT INTO author(id,first_name,last_name,username) VALUES (94,'Hashim','Culpan','hculpan2l');
INSERT INTO author(id,first_name,last_name,username) VALUES (95,'Frayda','Casali','fcasali2m');
INSERT INTO author(id,first_name,last_name,username) VALUES (96,'Robinia','Laxtonne','rlaxtonne2n');
INSERT INTO author(id,first_name,last_name,username) VALUES (97,'Inga','Girton','igirton2o');
INSERT INTO author(id,first_name,last_name,username) VALUES (98,'Austina','Balsdone','abalsdone2p');
INSERT INTO author(id,first_name,last_name,username) VALUES (99,'Michale','Gilchrist','mgilchrist2q');
INSERT INTO author(id,first_name,last_name,username) VALUES (100,'Laetitia','Klimp','lklimp2r');
INSERT INTO author(id,first_name,last_name,username) VALUES (101,'Datha','Harkus','dharkus2s');
INSERT INTO author(id,first_name,last_name,username) VALUES (102,'Paxton','Dangerfield','pdangerfield2t');
INSERT INTO author(id,first_name,last_name,username) VALUES (103,'Kit','Laddle','kladdle2u');
INSERT INTO author(id,first_name,last_name,username) VALUES (104,'Olly','Gudyer','ogudyer2v');
INSERT INTO author(id,first_name,last_name,username) VALUES (105,'Bambi','Klesel','bklesel2w');
INSERT INTO author(id,first_name,last_name,username) VALUES (106,'Hildegaard','Samways','hsamways2x');
INSERT INTO author(id,first_name,last_name,username) VALUES (107,'Ernestine','Raft','eraft2y');
INSERT INTO author(id,first_name,last_name,username) VALUES (108,'Alice','Veitch','aveitch2z');
INSERT INTO author(id,first_name,last_name,username) VALUES (109,'Myrlene','Potteridge','mpotteridge30');
INSERT INTO author(id,first_name,last_name,username) VALUES (110,'Milly','Gallegos','mgallegos31');
INSERT INTO author(id,first_name,last_name,username) VALUES (111,'Frasco','Rosewell','frosewell32');
INSERT INTO author(id,first_name,last_name,username) VALUES (112,'Merle','Jobling','mjobling33');
INSERT INTO author(id,first_name,last_name,username) VALUES (113,'Cly','Gillett','cgillett34');
INSERT INTO author(id,first_name,last_name,username) VALUES (114,'Tani','Hutten','thutten35');
INSERT INTO author(id,first_name,last_name,username) VALUES (115,'Jonis','Thomazin','jthomazin36');
INSERT INTO author(id,first_name,last_name,username) VALUES (116,'Yetty','Bartleman','ybartleman37');
INSERT INTO author(id,first_name,last_name,username) VALUES (117,'Carleen','Ecclesall','cecclesall38');
INSERT INTO author(id,first_name,last_name,username) VALUES (118,'Preston','Lembcke','plembcke39');
INSERT INTO author(id,first_name,last_name,username) VALUES (119,'Niccolo','Print','nprint3a');
INSERT INTO author(id,first_name,last_name,username) VALUES (120,'Nobie','Cubbit','ncubbit3b');
INSERT INTO author(id,first_name,last_name,username) VALUES (121,'Janette','Goby','jgoby3c');
INSERT INTO author(id,first_name,last_name,username) VALUES (122,'Bondie','Sherrott','bsherrott3d');
INSERT INTO author(id,first_name,last_name,username) VALUES (123,'Megan','Iremonger','miremonger3e');
INSERT INTO author(id,first_name,last_name,username) VALUES (124,'Deeann','Baudrey','dbaudrey3f');
INSERT INTO author(id,first_name,last_name,username) VALUES (125,'Jody','Dixie','jdixie3g');
INSERT INTO author(id,first_name,last_name,username) VALUES (126,'Ofelia','Clawe','oclawe3h');
INSERT INTO author(id,first_name,last_name,username) VALUES (127,'Shanan','Labusquiere','slabusquiere3i');
INSERT INTO author(id,first_name,last_name,username) VALUES (128,'Shelagh','Scartifield','sscartifield3j');
INSERT INTO author(id,first_name,last_name,username) VALUES (129,'Alvy','Faithfull','afaithfull3k');
INSERT INTO author(id,first_name,last_name,username) VALUES (130,'Lucretia','Howie','lhowie3l');
INSERT INTO author(id,first_name,last_name,username) VALUES (131,'Deloris','Poletto','dpoletto3m');
INSERT INTO author(id,first_name,last_name,username) VALUES (132,'Fidel','Fochs','ffochs3n');
INSERT INTO author(id,first_name,last_name,username) VALUES (133,'Adeline','Goforth','agoforth3o');
INSERT INTO author(id,first_name,last_name,username) VALUES (134,'Radcliffe','Everett','reverett3p');
INSERT INTO author(id,first_name,last_name,username) VALUES (135,'Win','Wormleighton','wwormleighton3q');
INSERT INTO author(id,first_name,last_name,username) VALUES (136,'Cody','Marlowe','cmarlowe3r');
INSERT INTO author(id,first_name,last_name,username) VALUES (137,'Miguela','Sheehan','msheehan3s');
INSERT INTO author(id,first_name,last_name,username) VALUES (138,'Ranique','Baudy','rbaudy3t');
INSERT INTO author(id,first_name,last_name,username) VALUES (139,'Raquel','Blas','rblas3u');
INSERT INTO author(id,first_name,last_name,username) VALUES (140,'Michael','McKeaney','mmckeaney3v');
INSERT INTO author(id,first_name,last_name,username) VALUES (141,'Adeline','Maggill''Andreis','amaggillandreis3w');
INSERT INTO author(id,first_name,last_name,username) VALUES (142,'Nowell','Dubber','ndubber3x');
INSERT INTO author(id,first_name,last_name,username) VALUES (143,'Josey','Gilhouley','jgilhouley3y');
INSERT INTO author(id,first_name,last_name,username) VALUES (144,'Abby','Peasby','apeasby3z');
INSERT INTO author(id,first_name,last_name,username) VALUES (145,'Davine','Gammage','dgammage40');
INSERT INTO author(id,first_name,last_name,username) VALUES (146,'Aurie','Hassan','ahassan41');
INSERT INTO author(id,first_name,last_name,username) VALUES (147,'Hercules','Middlewick','hmiddlewick42');
INSERT INTO author(id,first_name,last_name,username) VALUES (148,'Harriott','Ohanessian','hohanessian43');
INSERT INTO author(id,first_name,last_name,username) VALUES (149,'Zena','Grieve','zgrieve44');
INSERT INTO author(id,first_name,last_name,username) VALUES (150,'Andreana','Brandsma','abrandsma45');
INSERT INTO author(id,first_name,last_name,username) VALUES (151,'Shirl','Badcock','sbadcock46');
INSERT INTO author(id,first_name,last_name,username) VALUES (152,'Hayes','Cradick','hcradick47');
INSERT INTO author(id,first_name,last_name,username) VALUES (153,'Leslie','Asplin','lasplin48');
INSERT INTO author(id,first_name,last_name,username) VALUES (154,'Hewitt','Olner','holner49');
INSERT INTO author(id,first_name,last_name,username) VALUES (155,'Darline','Mowsley','dmowsley4a');
INSERT INTO author(id,first_name,last_name,username) VALUES (156,'Yancy','Storre','ystorre4b');
INSERT INTO author(id,first_name,last_name,username) VALUES (157,'Myrna','MacLese','mmaclese4c');
INSERT INTO author(id,first_name,last_name,username) VALUES (158,'Sallee','Swinburn','sswinburn4d');
INSERT INTO author(id,first_name,last_name,username) VALUES (159,'Pavla','Watts','pwatts4e');
INSERT INTO author(id,first_name,last_name,username) VALUES (160,'Thorstein','Kenton','tkenton4f');
INSERT INTO author(id,first_name,last_name,username) VALUES (161,'Robinet','Jorissen','rjorissen4g');
INSERT INTO author(id,first_name,last_name,username) VALUES (162,'Georgianne','Scheu','gscheu4h');
INSERT INTO author(id,first_name,last_name,username) VALUES (163,'Claudell','Mirralls','cmirralls4i');
INSERT INTO author(id,first_name,last_name,username) VALUES (164,'Donnell','Bruckent','dbruckent4j');
INSERT INTO author(id,first_name,last_name,username) VALUES (165,'Leon','Womersley','lwomersley4k');
INSERT INTO author(id,first_name,last_name,username) VALUES (166,'Baudoin','Firbank','bfirbank4l');
INSERT INTO author(id,first_name,last_name,username) VALUES (167,'Bethena','Castagnasso','bcastagnasso4m');
INSERT INTO author(id,first_name,last_name,username) VALUES (168,'Jelene','Butt Gow','jbuttgow4n');
INSERT INTO author(id,first_name,last_name,username) VALUES (169,'Rikki','Knightsbridge','rknightsbridge4o');
INSERT INTO author(id,first_name,last_name,username) VALUES (170,'Winny','Waliszewski','wwaliszewski4p');
INSERT INTO author(id,first_name,last_name,username) VALUES (171,'Shandeigh','Rawlin','srawlin4q');
INSERT INTO author(id,first_name,last_name,username) VALUES (172,'Naomi','McKenney','nmckenney4r');
INSERT INTO author(id,first_name,last_name,username) VALUES (173,'Ricoriki','Dondon','rdondon4s');
INSERT INTO author(id,first_name,last_name,username) VALUES (174,'Rutherford','Hinkens','rhinkens4t');
INSERT INTO author(id,first_name,last_name,username) VALUES (175,'Danna','Buzine','dbuzine4u');
INSERT INTO author(id,first_name,last_name,username) VALUES (176,'Bernarr','Youde','byoude4v');
INSERT INTO author(id,first_name,last_name,username) VALUES (177,'Vanna','Ren','vren4w');
INSERT INTO author(id,first_name,last_name,username) VALUES (178,'Hermione','Burgan','hburgan4x');
INSERT INTO author(id,first_name,last_name,username) VALUES (179,'Allx','Kettridge','akettridge4y');
INSERT INTO author(id,first_name,last_name,username) VALUES (180,'Sylvan','Jemison','sjemison4z');
INSERT INTO author(id,first_name,last_name,username) VALUES (181,'Doe','Vasyanin','dvasyanin50');
INSERT INTO author(id,first_name,last_name,username) VALUES (182,'Noe','Trevaskus','ntrevaskus51');
INSERT INTO author(id,first_name,last_name,username) VALUES (183,'Wilfred','Macveigh','wmacveigh52');
INSERT INTO author(id,first_name,last_name,username) VALUES (184,'Lucio','Stanyon','lstanyon53');
INSERT INTO author(id,first_name,last_name,username) VALUES (185,'Frieda','O''Bradain','fobradain54');
INSERT INTO author(id,first_name,last_name,username) VALUES (186,'Lisette','Mayler','lmayler55');
INSERT INTO author(id,first_name,last_name,username) VALUES (187,'Lory','Sedgwick','lsedgwick56');
INSERT INTO author(id,first_name,last_name,username) VALUES (188,'Norrie','Stoggell','nstoggell57');
INSERT INTO author(id,first_name,last_name,username) VALUES (189,'Vinson','Pidwell','vpidwell58');
INSERT INTO author(id,first_name,last_name,username) VALUES (190,'Rusty','Espadater','respadater59');
INSERT INTO author(id,first_name,last_name,username) VALUES (191,'Benetta','Chaimson','bchaimson5a');
INSERT INTO author(id,first_name,last_name,username) VALUES (192,'Britney','Gail','bgail5b');
INSERT INTO author(id,first_name,last_name,username) VALUES (193,'Brandie','Benet','bbenet5c');
INSERT INTO author(id,first_name,last_name,username) VALUES (194,'Janaye','Crayker','jcrayker5d');
INSERT INTO author(id,first_name,last_name,username) VALUES (195,'Philly','Domm','pdomm5e');
INSERT INTO author(id,first_name,last_name,username) VALUES (196,'Traver','Breed','tbreed5f');
INSERT INTO author(id,first_name,last_name,username) VALUES (197,'Stern','Phipps','sphipps5g');
INSERT INTO author(id,first_name,last_name,username) VALUES (198,'Rochell','Crampsey','rcrampsey5h');
INSERT INTO author(id,first_name,last_name,username) VALUES (199,'Francisco','Drissell','fdrissell5i');
INSERT INTO author(id,first_name,last_name,username) VALUES (200,'Tremayne','De Simone','tdesimone5j');
-- post inserts


INSERT INTO post(id,post_content,tags) VALUES (1,'Fusce posuere felis sed lacus. Morbi sem mauris, laoreet ut, rhoncus aliquet, pulvinar sed, nisl. Nunc rhoncus dui vel sem. Sed sagittis. Nam congue, risus semper porta volutpat, quam pede lobortis ligula, sit amet eleifend pede libero quis orci. Nullam molestie nibh in lectus. Pellentesque at nulla. Suspendisse potenti. Cras in purus eu magna vulputate luctus. Cum sociis natoque penatibus et magnis dis parturient montes, nascetur ridiculus mus.','target e-business content');
INSERT INTO post(id,post_content,tags) VALUES (2,'Suspendisse potenti. In eleifend quam a odio. In hac habitasse platea dictumst. Maecenas ut massa quis augue luctus tincidunt. Nulla mollis molestie lorem.','benchmark proactive networks');
INSERT INTO post(id,post_content,tags) VALUES (3,'Aenean lectus. Pellentesque eget nunc.','synergize sticky infrastructures');
INSERT INTO post(id,post_content,tags) VALUES (4,'Suspendisse ornare consequat lectus. In est risus, auctor sed, tristique in, tempus sit amet, sem. Fusce consequat. Nulla nisl. Nunc nisl. Duis bibendum, felis sed interdum venenatis, turpis enim blandit mi, in porttitor pede justo eu massa. Donec dapibus. Duis at velit eu est congue elementum.','enable cutting-edge deliverables');
INSERT INTO post(id,post_content,tags) VALUES (5,'Maecenas ut massa quis augue luctus tincidunt. Nulla mollis molestie lorem. Quisque ut erat. Curabitur gravida nisi at nibh.','enhance killer applications');
INSERT INTO post(id,post_content,tags) VALUES (6,'Fusce consequat. Nulla nisl. Nunc nisl. Duis bibendum, felis sed interdum venenatis, turpis enim blandit mi, in porttitor pede justo eu massa. Donec dapibus. Duis at velit eu est congue elementum. In hac habitasse platea dictumst. Morbi vestibulum, velit id pretium iaculis, diam erat fermentum justo, nec condimentum neque sapien placerat ante.','drive integrated ROI');
INSERT INTO post(id,post_content,tags) VALUES (7,'Duis at velit eu est congue elementum. In hac habitasse platea dictumst. Morbi vestibulum, velit id pretium iaculis, diam erat fermentum justo, nec condimentum neque sapien placerat ante. Nulla justo. Aliquam quis turpis eget elit sodales scelerisque.','productize visionary web-readiness');
INSERT INTO post(id,post_content,tags) VALUES (8,'Vestibulum ante ipsum primis in faucibus orci luctus et ultrices posuere cubilia Curae; Nulla dapibus dolor vel est. Donec odio justo, sollicitudin ut, suscipit a, feugiat et, eros. Vestibulum ac est lacinia nisi venenatis tristique. Fusce congue, diam id ornare imperdiet, sapien urna pretium nisl, ut volutpat sapien arcu sed augue.','deliver ubiquitous networks');
INSERT INTO post(id,post_content,tags) VALUES (9,'Integer ac leo. Pellentesque ultrices mattis odio. Donec vitae nisi. Nam ultrices, libero non mattis pulvinar, nulla pede ullamcorper augue, a suscipit nulla elit ac nulla. Sed vel enim sit amet nunc viverra dapibus. Nulla suscipit ligula in lacus. Curabitur at ipsum ac tellus semper interdum. Mauris ullamcorper purus sit amet nulla. Quisque arcu libero, rutrum ac, lobortis vel, dapibus at, diam. Nam tristique tortor eu pede.','brand leading-edge applications');
INSERT INTO post(id,post_content,tags) VALUES (10,'Nullam porttitor lacus at turpis. Donec posuere metus vitae ipsum. Aliquam non mauris. Morbi non lectus. Aliquam sit amet diam in magna bibendum imperdiet. Nullam orci pede, venenatis non, sodales sed, tincidunt eu, felis. Fusce posuere felis sed lacus. Morbi sem mauris, laoreet ut, rhoncus aliquet, pulvinar sed, nisl. Nunc rhoncus dui vel sem.','e-enable rich niches');
INSERT INTO post(id,post_content,tags) VALUES (11,'Morbi sem mauris, laoreet ut, rhoncus aliquet, pulvinar sed, nisl. Nunc rhoncus dui vel sem. Sed sagittis. Nam congue, risus semper porta volutpat, quam pede lobortis ligula, sit amet eleifend pede libero quis orci. Nullam molestie nibh in lectus. Pellentesque at nulla. Suspendisse potenti. Cras in purus eu magna vulputate luctus. Cum sociis natoque penatibus et magnis dis parturient montes, nascetur ridiculus mus. Vivamus vestibulum sagittis sapien.','empower plug-and-play eyeballs');
INSERT INTO post(id,post_content,tags) VALUES (12,'Cras mi pede, malesuada in, imperdiet et, commodo vulputate, justo. In blandit ultrices enim. Lorem ipsum dolor sit amet, consectetuer adipiscing elit. Proin interdum mauris non ligula pellentesque ultrices.','integrate intuitive channels');
INSERT INTO post(id,post_content,tags) VALUES (13,'Aenean fermentum. Donec ut mauris eget massa tempor convallis. Nulla neque libero, convallis eget, eleifend luctus, ultricies eu, nibh.','deploy holistic applications');
INSERT INTO post(id,post_content,tags) VALUES (14,'Nulla neque libero, convallis eget, eleifend luctus, ultricies eu, nibh. Quisque id justo sit amet sapien dignissim vestibulum. Vestibulum ante ipsum primis in faucibus orci luctus et ultrices posuere cubilia Curae; Nulla dapibus dolor vel est. Donec odio justo, sollicitudin ut, suscipit a, feugiat et, eros. Vestibulum ac est lacinia nisi venenatis tristique. Fusce congue, diam id ornare imperdiet, sapien urna pretium nisl, ut volutpat sapien arcu sed augue. Aliquam erat volutpat. In congue.','morph B2B paradigms');
INSERT INTO post(id,post_content,tags) VALUES (15,'Nullam orci pede, venenatis non, sodales sed, tincidunt eu, felis. Fusce posuere felis sed lacus. Morbi sem mauris, laoreet ut, rhoncus aliquet, pulvinar sed, nisl.','e-enable web-enabled action-items');
INSERT INTO post(id,post_content,tags) VALUES (16,'Maecenas tristique, est et tempus semper, est quam pharetra magna, ac consequat metus sapien ut nunc.','reinvent vertical channels');
INSERT INTO post(id,post_content,tags) VALUES (17,'Etiam pretium iaculis justo. In hac habitasse platea dictumst. Etiam faucibus cursus urna. Ut tellus. Nulla ut erat id mauris vulputate elementum. Nullam varius. Nulla facilisi. Cras non velit nec nisi vulputate nonummy. Maecenas tincidunt lacus at velit. Vivamus vel nulla eget eros elementum pellentesque.','iterate B2B users');
INSERT INTO post(id,post_content,tags) VALUES (18,'Morbi ut odio. Cras mi pede, malesuada in, imperdiet et, commodo vulputate, justo. In blandit ultrices enim. Lorem ipsum dolor sit amet, consectetuer adipiscing elit. Proin interdum mauris non ligula pellentesque ultrices. Phasellus id sapien in sapien iaculis congue. Vivamus metus arcu, adipiscing molestie, hendrerit at, vulputate vitae, nisl.','exploit bricks-and-clicks supply-chains');
INSERT INTO post(id,post_content,tags) VALUES (19,'Praesent lectus. Vestibulum quam sapien, varius ut, blandit non, interdum in, ante. Vestibulum ante ipsum primis in faucibus orci luctus et ultrices posuere cubilia Curae; Duis faucibus accumsan odio. Curabitur convallis. Duis consequat dui nec nisi volutpat eleifend. Donec ut dolor. Morbi vel lectus in quam fringilla rhoncus.','exploit vertical e-business');
INSERT INTO post(id,post_content,tags) VALUES (20,'Pellentesque viverra pede ac diam. Cras pellentesque volutpat dui. Maecenas tristique, est et tempus semper, est quam pharetra magna, ac consequat metus sapien ut nunc. Vestibulum ante ipsum primis in faucibus orci luctus et ultrices posuere cubilia Curae; Mauris viverra diam vitae quam. Suspendisse potenti. Nullam porttitor lacus at turpis. Donec posuere metus vitae ipsum. Aliquam non mauris. Morbi non lectus.','envisioneer plug-and-play paradigms');
INSERT INTO post(id,post_content,tags) VALUES (21,'Nulla tellus. In sagittis dui vel nisl.','orchestrate proactive e-markets');
INSERT INTO post(id,post_content,tags) VALUES (22,'Phasellus in felis.','morph granular schemas');
INSERT INTO post(id,post_content,tags) VALUES (23,'Nulla ut erat id mauris vulputate elementum.','exploit killer networks');
INSERT INTO post(id,post_content,tags) VALUES (24,'Etiam vel augue. Vestibulum rutrum rutrum neque. Aenean auctor gravida sem. Praesent id massa id nisl venenatis lacinia. Aenean sit amet justo. Morbi ut odio.','e-enable strategic ROI');
INSERT INTO post(id,post_content,tags) VALUES (25,'Vestibulum ac est lacinia nisi venenatis tristique. Fusce congue, diam id ornare imperdiet, sapien urna pretium nisl, ut volutpat sapien arcu sed augue.','incubate holistic systems');
INSERT INTO post(id,post_content,tags) VALUES (26,'Suspendisse potenti. Nullam porttitor lacus at turpis. Donec posuere metus vitae ipsum.','brand vertical networks');
INSERT INTO post(id,post_content,tags) VALUES (27,'Cum sociis natoque penatibus et magnis dis parturient montes, nascetur ridiculus mus. Etiam vel augue. Vestibulum rutrum rutrum neque. Aenean auctor gravida sem. Praesent id massa id nisl venenatis lacinia. Aenean sit amet justo. Morbi ut odio. Cras mi pede, malesuada in, imperdiet et, commodo vulputate, justo.','synergize B2C platforms');
INSERT INTO post(id,post_content,tags) VALUES (28,'Morbi porttitor lorem id ligula. Suspendisse ornare consequat lectus. In est risus, auctor sed, tristique in, tempus sit amet, sem.','e-enable next-generation channels');
INSERT INTO post(id,post_content,tags) VALUES (29,'Vivamus vestibulum sagittis sapien.','disintermediate interactive synergies');
INSERT INTO post(id,post_content,tags) VALUES (30,'Nullam orci pede, venenatis non, sodales sed, tincidunt eu, felis. Fusce posuere felis sed lacus. Morbi sem mauris, laoreet ut, rhoncus aliquet, pulvinar sed, nisl. Nunc rhoncus dui vel sem. Sed sagittis.','integrate world-class portals');
INSERT INTO post(id,post_content,tags) VALUES (31,'In congue. Etiam justo.','enhance real-time supply-chains');
INSERT INTO post(id,post_content,tags) VALUES (32,'Suspendisse ornare consequat lectus. In est risus, auctor sed, tristique in, tempus sit amet, sem. Fusce consequat. Nulla nisl. Nunc nisl. Duis bibendum, felis sed interdum venenatis, turpis enim blandit mi, in porttitor pede justo eu massa. Donec dapibus. Duis at velit eu est congue elementum. In hac habitasse platea dictumst. Morbi vestibulum, velit id pretium iaculis, diam erat fermentum justo, nec condimentum neque sapien placerat ante.','visualize viral models');
INSERT INTO post(id,post_content,tags) VALUES (33,'In tempor, turpis nec euismod scelerisque, quam turpis adipiscing lorem, vitae mattis nibh ligula nec sem. Duis aliquam convallis nunc. Proin at turpis a pede posuere nonummy. Integer non velit. Donec diam neque, vestibulum eget, vulputate ut, ultrices vel, augue. Vestibulum ante ipsum primis in faucibus orci luctus et ultrices posuere cubilia Curae; Donec pharetra, magna vestibulum aliquet ultrices, erat tortor sollicitudin mi, sit amet lobortis sapien sapien non mi. Integer ac neque. Duis bibendum.','disintermediate interactive architectures');
INSERT INTO post(id,post_content,tags) VALUES (34,'Vivamus vestibulum sagittis sapien. Cum sociis natoque penatibus et magnis dis parturient montes, nascetur ridiculus mus. Etiam vel augue. Vestibulum rutrum rutrum neque.','transition wireless convergence');
INSERT INTO post(id,post_content,tags) VALUES (35,'Maecenas ut massa quis augue luctus tincidunt. Nulla mollis molestie lorem. Quisque ut erat.','seize vertical networks');
INSERT INTO post(id,post_content,tags) VALUES (36,'Maecenas rhoncus aliquam lacus. Morbi quis tortor id nulla ultrices aliquet. Maecenas leo odio, condimentum id, luctus nec, molestie sed, justo. Pellentesque viverra pede ac diam. Cras pellentesque volutpat dui.','drive visionary infrastructures');
INSERT INTO post(id,post_content,tags) VALUES (37,'Nulla mollis molestie lorem. Quisque ut erat. Curabitur gravida nisi at nibh. In hac habitasse platea dictumst. Aliquam augue quam, sollicitudin vitae, consectetuer eget, rutrum at, lorem. Integer tincidunt ante vel ipsum. Praesent blandit lacinia erat. Vestibulum sed magna at nunc commodo placerat. Praesent blandit.','implement proactive networks');
INSERT INTO post(id,post_content,tags) VALUES (38,'In tempor, turpis nec euismod scelerisque, quam turpis adipiscing lorem, vitae mattis nibh ligula nec sem. Duis aliquam convallis nunc. Proin at turpis a pede posuere nonummy. Integer non velit. Donec diam neque, vestibulum eget, vulputate ut, ultrices vel, augue. Vestibulum ante ipsum primis in faucibus orci luctus et ultrices posuere cubilia Curae; Donec pharetra, magna vestibulum aliquet ultrices, erat tortor sollicitudin mi, sit amet lobortis sapien sapien non mi. Integer ac neque.','recontextualize scalable ROI');
INSERT INTO post(id,post_content,tags) VALUES (39,'Maecenas leo odio, condimentum id, luctus nec, molestie sed, justo. Pellentesque viverra pede ac diam. Cras pellentesque volutpat dui. Maecenas tristique, est et tempus semper, est quam pharetra magna, ac consequat metus sapien ut nunc. Vestibulum ante ipsum primis in faucibus orci luctus et ultrices posuere cubilia Curae; Mauris viverra diam vitae quam. Suspendisse potenti. Nullam porttitor lacus at turpis. Donec posuere metus vitae ipsum. Aliquam non mauris. Morbi non lectus.','seize 24/365 action-items');
INSERT INTO post(id,post_content,tags) VALUES (40,'Sed ante.','strategize web-enabled eyeballs');
INSERT INTO post(id,post_content,tags) VALUES (41,'In est risus, auctor sed, tristique in, tempus sit amet, sem.','revolutionize intuitive bandwidth');
INSERT INTO post(id,post_content,tags) VALUES (42,'Duis consequat dui nec nisi volutpat eleifend. Donec ut dolor. Morbi vel lectus in quam fringilla rhoncus. Mauris enim leo, rhoncus sed, vestibulum sit amet, cursus id, turpis. Integer aliquet, massa id lobortis convallis, tortor risus dapibus augue, vel accumsan tellus nisi eu orci. Mauris lacinia sapien quis libero. Nullam sit amet turpis elementum ligula vehicula consequat. Morbi a ipsum.','aggregate clicks-and-mortar e-commerce');
INSERT INTO post(id,post_content,tags) VALUES (43,'Nulla ut erat id mauris vulputate elementum. Nullam varius. Nulla facilisi.','strategize leading-edge solutions');
INSERT INTO post(id,post_content,tags) VALUES (44,'Donec dapibus. Duis at velit eu est congue elementum. In hac habitasse platea dictumst. Morbi vestibulum, velit id pretium iaculis, diam erat fermentum justo, nec condimentum neque sapien placerat ante.','cultivate back-end technologies');
INSERT INTO post(id,post_content,tags) VALUES (45,'Quisque erat eros, viverra eget, congue eget, semper rutrum, nulla. Nunc purus.','leverage transparent interfaces');
INSERT INTO post(id,post_content,tags) VALUES (46,'Pellentesque at nulla. Suspendisse potenti. Cras in purus eu magna vulputate luctus.','redefine sexy systems');
INSERT INTO post(id,post_content,tags) VALUES (47,'Nulla neque libero, convallis eget, eleifend luctus, ultricies eu, nibh. Quisque id justo sit amet sapien dignissim vestibulum. Vestibulum ante ipsum primis in faucibus orci luctus et ultrices posuere cubilia Curae; Nulla dapibus dolor vel est.','iterate synergistic architectures');
INSERT INTO post(id,post_content,tags) VALUES (48,'Duis consequat dui nec nisi volutpat eleifend. Donec ut dolor. Morbi vel lectus in quam fringilla rhoncus. Mauris enim leo, rhoncus sed, vestibulum sit amet, cursus id, turpis. Integer aliquet, massa id lobortis convallis, tortor risus dapibus augue, vel accumsan tellus nisi eu orci. Mauris lacinia sapien quis libero. Nullam sit amet turpis elementum ligula vehicula consequat. Morbi a ipsum. Integer a nibh. In quis justo.','drive impactful relationships');
INSERT INTO post(id,post_content,tags) VALUES (49,'Lorem ipsum dolor sit amet, consectetuer adipiscing elit.','facilitate holistic supply-chains');
INSERT INTO post(id,post_content,tags) VALUES (50,'Nunc rhoncus dui vel sem. Sed sagittis. Nam congue, risus semper porta volutpat, quam pede lobortis ligula, sit amet eleifend pede libero quis orci. Nullam molestie nibh in lectus. Pellentesque at nulla. Suspendisse potenti. Cras in purus eu magna vulputate luctus. Cum sociis natoque penatibus et magnis dis parturient montes, nascetur ridiculus mus. Vivamus vestibulum sagittis sapien.','generate visionary users');
INSERT INTO post(id,post_content,tags) VALUES (51,'Aliquam augue quam, sollicitudin vitae, consectetuer eget, rutrum at, lorem.','transition best-of-breed e-business');
INSERT INTO post(id,post_content,tags) VALUES (52,'Pellentesque viverra pede ac diam. Cras pellentesque volutpat dui. Maecenas tristique, est et tempus semper, est quam pharetra magna, ac consequat metus sapien ut nunc. Vestibulum ante ipsum primis in faucibus orci luctus et ultrices posuere cubilia Curae; Mauris viverra diam vitae quam. Suspendisse potenti. Nullam porttitor lacus at turpis. Donec posuere metus vitae ipsum. Aliquam non mauris.','deploy revolutionary technologies');
INSERT INTO post(id,post_content,tags) VALUES (53,'Vestibulum ante ipsum primis in faucibus orci luctus et ultrices posuere cubilia Curae; Nulla dapibus dolor vel est. Donec odio justo, sollicitudin ut, suscipit a, feugiat et, eros. Vestibulum ac est lacinia nisi venenatis tristique. Fusce congue, diam id ornare imperdiet, sapien urna pretium nisl, ut volutpat sapien arcu sed augue. Aliquam erat volutpat. In congue. Etiam justo. Etiam pretium iaculis justo. In hac habitasse platea dictumst.','envisioneer visionary applications');
INSERT INTO post(id,post_content,tags) VALUES (54,'Donec semper sapien a libero. Nam dui. Proin leo odio, porttitor id, consequat in, consequat ut, nulla. Sed accumsan felis. Ut at dolor quis odio consequat varius. Integer ac leo. Pellentesque ultrices mattis odio. Donec vitae nisi.','whiteboard back-end paradigms');
INSERT INTO post(id,post_content,tags) VALUES (55,'Nullam porttitor lacus at turpis. Donec posuere metus vitae ipsum. Aliquam non mauris. Morbi non lectus. Aliquam sit amet diam in magna bibendum imperdiet. Nullam orci pede, venenatis non, sodales sed, tincidunt eu, felis. Fusce posuere felis sed lacus. Morbi sem mauris, laoreet ut, rhoncus aliquet, pulvinar sed, nisl. Nunc rhoncus dui vel sem.','architect 24/7 experiences');
INSERT INTO post(id,post_content,tags) VALUES (56,'Aliquam erat volutpat. In congue. Etiam justo. Etiam pretium iaculis justo. In hac habitasse platea dictumst. Etiam faucibus cursus urna. Ut tellus.','reintermediate cross-media functionalities');
INSERT INTO post(id,post_content,tags) VALUES (57,'In hac habitasse platea dictumst. Etiam faucibus cursus urna. Ut tellus. Nulla ut erat id mauris vulputate elementum.','transform magnetic initiatives');
INSERT INTO post(id,post_content,tags) VALUES (58,'Morbi vestibulum, velit id pretium iaculis, diam erat fermentum justo, nec condimentum neque sapien placerat ante. Nulla justo. Aliquam quis turpis eget elit sodales scelerisque. Mauris sit amet eros. Suspendisse accumsan tortor quis turpis. Sed ante.','scale customized supply-chains');
INSERT INTO post(id,post_content,tags) VALUES (59,'Mauris sit amet eros. Suspendisse accumsan tortor quis turpis. Sed ante. Vivamus tortor. Duis mattis egestas metus. Aenean fermentum. Donec ut mauris eget massa tempor convallis.','cultivate cutting-edge e-services');
INSERT INTO post(id,post_content,tags) VALUES (60,'Sed sagittis. Nam congue, risus semper porta volutpat, quam pede lobortis ligula, sit amet eleifend pede libero quis orci. Nullam molestie nibh in lectus. Pellentesque at nulla. Suspendisse potenti. Cras in purus eu magna vulputate luctus. Cum sociis natoque penatibus et magnis dis parturient montes, nascetur ridiculus mus. Vivamus vestibulum sagittis sapien. Cum sociis natoque penatibus et magnis dis parturient montes, nascetur ridiculus mus.','target integrated e-markets');
INSERT INTO post(id,post_content,tags) VALUES (61,'Nulla tempus.','mesh revolutionary channels');
INSERT INTO post(id,post_content,tags) VALUES (62,'Morbi vel lectus in quam fringilla rhoncus. Mauris enim leo, rhoncus sed, vestibulum sit amet, cursus id, turpis. Integer aliquet, massa id lobortis convallis, tortor risus dapibus augue, vel accumsan tellus nisi eu orci.','e-enable user-centric e-tailers');
INSERT INTO post(id,post_content,tags) VALUES (63,'Donec quis orci eget orci vehicula condimentum. Curabitur in libero ut massa volutpat convallis. Morbi odio odio, elementum eu, interdum eu, tincidunt in, leo. Maecenas pulvinar lobortis est. Phasellus sit amet erat. Nulla tempus. Vivamus in felis eu sapien cursus vestibulum.','unleash cross-media e-markets');
INSERT INTO post(id,post_content,tags) VALUES (64,'Fusce posuere felis sed lacus. Morbi sem mauris, laoreet ut, rhoncus aliquet, pulvinar sed, nisl. Nunc rhoncus dui vel sem. Sed sagittis. Nam congue, risus semper porta volutpat, quam pede lobortis ligula, sit amet eleifend pede libero quis orci. Nullam molestie nibh in lectus. Pellentesque at nulla. Suspendisse potenti. Cras in purus eu magna vulputate luctus.','unleash 24/365 e-business');
INSERT INTO post(id,post_content,tags) VALUES (65,'Pellentesque viverra pede ac diam. Cras pellentesque volutpat dui. Maecenas tristique, est et tempus semper, est quam pharetra magna, ac consequat metus sapien ut nunc. Vestibulum ante ipsum primis in faucibus orci luctus et ultrices posuere cubilia Curae; Mauris viverra diam vitae quam. Suspendisse potenti. Nullam porttitor lacus at turpis. Donec posuere metus vitae ipsum.','redefine front-end users');
INSERT INTO post(id,post_content,tags) VALUES (66,'Donec odio justo, sollicitudin ut, suscipit a, feugiat et, eros. Vestibulum ac est lacinia nisi venenatis tristique.','monetize cross-media interfaces');
INSERT INTO post(id,post_content,tags) VALUES (67,'Quisque erat eros, viverra eget, congue eget, semper rutrum, nulla.','visualize 24/7 e-tailers');
INSERT INTO post(id,post_content,tags) VALUES (68,'Quisque id justo sit amet sapien dignissim vestibulum. Vestibulum ante ipsum primis in faucibus orci luctus et ultrices posuere cubilia Curae; Nulla dapibus dolor vel est.','reinvent extensible functionalities');
INSERT INTO post(id,post_content,tags) VALUES (69,'Integer pede justo, lacinia eget, tincidunt eget, tempus vel, pede. Morbi porttitor lorem id ligula. Suspendisse ornare consequat lectus. In est risus, auctor sed, tristique in, tempus sit amet, sem. Fusce consequat. Nulla nisl. Nunc nisl. Duis bibendum, felis sed interdum venenatis, turpis enim blandit mi, in porttitor pede justo eu massa.','engage open-source convergence');
INSERT INTO post(id,post_content,tags) VALUES (70,'Sed accumsan felis. Ut at dolor quis odio consequat varius. Integer ac leo. Pellentesque ultrices mattis odio. Donec vitae nisi. Nam ultrices, libero non mattis pulvinar, nulla pede ullamcorper augue, a suscipit nulla elit ac nulla. Sed vel enim sit amet nunc viverra dapibus.','mesh frictionless mindshare');
INSERT INTO post(id,post_content,tags) VALUES (71,'Aliquam erat volutpat.','optimize collaborative functionalities');
INSERT INTO post(id,post_content,tags) VALUES (72,'In hac habitasse platea dictumst. Morbi vestibulum, velit id pretium iaculis, diam erat fermentum justo, nec condimentum neque sapien placerat ante. Nulla justo. Aliquam quis turpis eget elit sodales scelerisque. Mauris sit amet eros. Suspendisse accumsan tortor quis turpis. Sed ante.','productize compelling paradigms');
INSERT INTO post(id,post_content,tags) VALUES (73,'Suspendisse potenti. Cras in purus eu magna vulputate luctus. Cum sociis natoque penatibus et magnis dis parturient montes, nascetur ridiculus mus. Vivamus vestibulum sagittis sapien. Cum sociis natoque penatibus et magnis dis parturient montes, nascetur ridiculus mus. Etiam vel augue. Vestibulum rutrum rutrum neque.','transform extensible content');
INSERT INTO post(id,post_content,tags) VALUES (74,'Donec diam neque, vestibulum eget, vulputate ut, ultrices vel, augue. Vestibulum ante ipsum primis in faucibus orci luctus et ultrices posuere cubilia Curae; Donec pharetra, magna vestibulum aliquet ultrices, erat tortor sollicitudin mi, sit amet lobortis sapien sapien non mi. Integer ac neque. Duis bibendum. Morbi non quam nec dui luctus rutrum. Nulla tellus. In sagittis dui vel nisl. Duis ac nibh. Fusce lacus purus, aliquet at, feugiat non, pretium quis, lectus.','engineer user-centric web-readiness');
INSERT INTO post(id,post_content,tags) VALUES (75,'Maecenas pulvinar lobortis est. Phasellus sit amet erat. Nulla tempus. Vivamus in felis eu sapien cursus vestibulum. Proin eu mi. Nulla ac enim. In tempor, turpis nec euismod scelerisque, quam turpis adipiscing lorem, vitae mattis nibh ligula nec sem.','disintermediate bleeding-edge technologies');
INSERT INTO post(id,post_content,tags) VALUES (76,'Morbi non lectus. Aliquam sit amet diam in magna bibendum imperdiet. Nullam orci pede, venenatis non, sodales sed, tincidunt eu, felis. Fusce posuere felis sed lacus. Morbi sem mauris, laoreet ut, rhoncus aliquet, pulvinar sed, nisl. Nunc rhoncus dui vel sem. Sed sagittis. Nam congue, risus semper porta volutpat, quam pede lobortis ligula, sit amet eleifend pede libero quis orci. Nullam molestie nibh in lectus. Pellentesque at nulla.','target efficient deliverables');
INSERT INTO post(id,post_content,tags) VALUES (77,'Morbi ut odio. Cras mi pede, malesuada in, imperdiet et, commodo vulputate, justo. In blandit ultrices enim. Lorem ipsum dolor sit amet, consectetuer adipiscing elit. Proin interdum mauris non ligula pellentesque ultrices. Phasellus id sapien in sapien iaculis congue. Vivamus metus arcu, adipiscing molestie, hendrerit at, vulputate vitae, nisl.','grow proactive supply-chains');
INSERT INTO post(id,post_content,tags) VALUES (78,'Donec dapibus. Duis at velit eu est congue elementum. In hac habitasse platea dictumst. Morbi vestibulum, velit id pretium iaculis, diam erat fermentum justo, nec condimentum neque sapien placerat ante. Nulla justo. Aliquam quis turpis eget elit sodales scelerisque. Mauris sit amet eros.','syndicate B2B content');
INSERT INTO post(id,post_content,tags) VALUES (79,'Nulla mollis molestie lorem. Quisque ut erat. Curabitur gravida nisi at nibh. In hac habitasse platea dictumst. Aliquam augue quam, sollicitudin vitae, consectetuer eget, rutrum at, lorem. Integer tincidunt ante vel ipsum.','harness out-of-the-box e-tailers');
INSERT INTO post(id,post_content,tags) VALUES (80,'Nam congue, risus semper porta volutpat, quam pede lobortis ligula, sit amet eleifend pede libero quis orci. Nullam molestie nibh in lectus. Pellentesque at nulla. Suspendisse potenti. Cras in purus eu magna vulputate luctus. Cum sociis natoque penatibus et magnis dis parturient montes, nascetur ridiculus mus. Vivamus vestibulum sagittis sapien.','reinvent scalable interfaces');
INSERT INTO post(id,post_content,tags) VALUES (81,'In hac habitasse platea dictumst. Morbi vestibulum, velit id pretium iaculis, diam erat fermentum justo, nec condimentum neque sapien placerat ante. Nulla justo. Aliquam quis turpis eget elit sodales scelerisque.','matrix 24/365 niches');
INSERT INTO post(id,post_content,tags) VALUES (82,'Vestibulum rutrum rutrum neque. Aenean auctor gravida sem. Praesent id massa id nisl venenatis lacinia. Aenean sit amet justo. Morbi ut odio. Cras mi pede, malesuada in, imperdiet et, commodo vulputate, justo. In blandit ultrices enim. Lorem ipsum dolor sit amet, consectetuer adipiscing elit. Proin interdum mauris non ligula pellentesque ultrices.','disintermediate cross-platform metrics');
INSERT INTO post(id,post_content,tags) VALUES (83,'In quis justo.','target collaborative e-commerce');
INSERT INTO post(id,post_content,tags) VALUES (84,'Nullam molestie nibh in lectus. Pellentesque at nulla. Suspendisse potenti. Cras in purus eu magna vulputate luctus. Cum sociis natoque penatibus et magnis dis parturient montes, nascetur ridiculus mus. Vivamus vestibulum sagittis sapien. Cum sociis natoque penatibus et magnis dis parturient montes, nascetur ridiculus mus. Etiam vel augue.','redefine cross-media systems');
INSERT INTO post(id,post_content,tags) VALUES (85,'Aliquam non mauris. Morbi non lectus.','repurpose cross-media interfaces');
INSERT INTO post(id,post_content,tags) VALUES (86,'Aliquam non mauris. Morbi non lectus. Aliquam sit amet diam in magna bibendum imperdiet. Nullam orci pede, venenatis non, sodales sed, tincidunt eu, felis. Fusce posuere felis sed lacus. Morbi sem mauris, laoreet ut, rhoncus aliquet, pulvinar sed, nisl. Nunc rhoncus dui vel sem. Sed sagittis. Nam congue, risus semper porta volutpat, quam pede lobortis ligula, sit amet eleifend pede libero quis orci. Nullam molestie nibh in lectus.','orchestrate web-enabled deliverables');
INSERT INTO post(id,post_content,tags) VALUES (87,'In blandit ultrices enim. Lorem ipsum dolor sit amet, consectetuer adipiscing elit.','scale collaborative mindshare');
INSERT INTO post(id,post_content,tags) VALUES (88,'Aliquam quis turpis eget elit sodales scelerisque. Mauris sit amet eros. Suspendisse accumsan tortor quis turpis. Sed ante.','facilitate 24/365 deliverables');
INSERT INTO post(id,post_content,tags) VALUES (89,'Nam nulla. Integer pede justo, lacinia eget, tincidunt eget, tempus vel, pede. Morbi porttitor lorem id ligula. Suspendisse ornare consequat lectus. In est risus, auctor sed, tristique in, tempus sit amet, sem. Fusce consequat.','generate e-business e-tailers');
INSERT INTO post(id,post_content,tags) VALUES (90,'Pellentesque at nulla. Suspendisse potenti. Cras in purus eu magna vulputate luctus. Cum sociis natoque penatibus et magnis dis parturient montes, nascetur ridiculus mus. Vivamus vestibulum sagittis sapien. Cum sociis natoque penatibus et magnis dis parturient montes, nascetur ridiculus mus. Etiam vel augue. Vestibulum rutrum rutrum neque. Aenean auctor gravida sem.','brand sticky technologies');
INSERT INTO post(id,post_content,tags) VALUES (91,'Nulla tellus. In sagittis dui vel nisl. Duis ac nibh. Fusce lacus purus, aliquet at, feugiat non, pretium quis, lectus. Suspendisse potenti. In eleifend quam a odio. In hac habitasse platea dictumst. Maecenas ut massa quis augue luctus tincidunt. Nulla mollis molestie lorem.','generate wireless platforms');
INSERT INTO post(id,post_content,tags) VALUES (92,'Suspendisse potenti. Cras in purus eu magna vulputate luctus. Cum sociis natoque penatibus et magnis dis parturient montes, nascetur ridiculus mus. Vivamus vestibulum sagittis sapien. Cum sociis natoque penatibus et magnis dis parturient montes, nascetur ridiculus mus. Etiam vel augue.','reinvent transparent vortals');
INSERT INTO post(id,post_content,tags) VALUES (93,'Etiam faucibus cursus urna. Ut tellus. Nulla ut erat id mauris vulputate elementum. Nullam varius. Nulla facilisi. Cras non velit nec nisi vulputate nonummy. Maecenas tincidunt lacus at velit. Vivamus vel nulla eget eros elementum pellentesque. Quisque porta volutpat erat.','enhance next-generation experiences');
INSERT INTO post(id,post_content,tags) VALUES (94,'In hac habitasse platea dictumst.','harness world-class e-tailers');
INSERT INTO post(id,post_content,tags) VALUES (95,'Phasellus id sapien in sapien iaculis congue. Vivamus metus arcu, adipiscing molestie, hendrerit at, vulputate vitae, nisl. Aenean lectus. Pellentesque eget nunc. Donec quis orci eget orci vehicula condimentum. Curabitur in libero ut massa volutpat convallis.','enable 24/365 applications');
INSERT INTO post(id,post_content,tags) VALUES (96,'Cras non velit nec nisi vulputate nonummy. Maecenas tincidunt lacus at velit. Vivamus vel nulla eget eros elementum pellentesque. Quisque porta volutpat erat. Quisque erat eros, viverra eget, congue eget, semper rutrum, nulla.','extend cutting-edge e-commerce');
INSERT INTO post(id,post_content,tags) VALUES (97,'Ut at dolor quis odio consequat varius. Integer ac leo. Pellentesque ultrices mattis odio. Donec vitae nisi. Nam ultrices, libero non mattis pulvinar, nulla pede ullamcorper augue, a suscipit nulla elit ac nulla. Sed vel enim sit amet nunc viverra dapibus.','enable visionary convergence');
INSERT INTO post(id,post_content,tags) VALUES (98,'Quisque porta volutpat erat. Quisque erat eros, viverra eget, congue eget, semper rutrum, nulla. Nunc purus.','mesh cross-platform interfaces');
INSERT INTO post(id,post_content,tags) VALUES (99,'Quisque erat eros, viverra eget, congue eget, semper rutrum, nulla. Nunc purus. Phasellus in felis. Donec semper sapien a libero. Nam dui. Proin leo odio, porttitor id, consequat in, consequat ut, nulla. Sed accumsan felis. Ut at dolor quis odio consequat varius. Integer ac leo.','optimize out-of-the-box metrics');
INSERT INTO post(id,post_content,tags) VALUES (100,'Suspendisse potenti. Nullam porttitor lacus at turpis. Donec posuere metus vitae ipsum. Aliquam non mauris.','e-enable killer vortals');
INSERT INTO post(id,post_content,tags) VALUES (101,'Phasellus in felis. Donec semper sapien a libero. Nam dui. Proin leo odio, porttitor id, consequat in, consequat ut, nulla. Sed accumsan felis. Ut at dolor quis odio consequat varius. Integer ac leo.','morph strategic users');
INSERT INTO post(id,post_content,tags) VALUES (102,'Donec ut mauris eget massa tempor convallis. Nulla neque libero, convallis eget, eleifend luctus, ultricies eu, nibh. Quisque id justo sit amet sapien dignissim vestibulum. Vestibulum ante ipsum primis in faucibus orci luctus et ultrices posuere cubilia Curae; Nulla dapibus dolor vel est. Donec odio justo, sollicitudin ut, suscipit a, feugiat et, eros.','incentivize customized channels');
INSERT INTO post(id,post_content,tags) VALUES (103,'Nullam varius. Nulla facilisi. Cras non velit nec nisi vulputate nonummy. Maecenas tincidunt lacus at velit.','cultivate web-enabled markets');
INSERT INTO post(id,post_content,tags) VALUES (104,'Vestibulum quam sapien, varius ut, blandit non, interdum in, ante. Vestibulum ante ipsum primis in faucibus orci luctus et ultrices posuere cubilia Curae; Duis faucibus accumsan odio. Curabitur convallis. Duis consequat dui nec nisi volutpat eleifend.','facilitate B2C metrics');
INSERT INTO post(id,post_content,tags) VALUES (105,'Vivamus vestibulum sagittis sapien. Cum sociis natoque penatibus et magnis dis parturient montes, nascetur ridiculus mus. Etiam vel augue. Vestibulum rutrum rutrum neque.','brand integrated e-commerce');
INSERT INTO post(id,post_content,tags) VALUES (106,'Aenean sit amet justo. Morbi ut odio. Cras mi pede, malesuada in, imperdiet et, commodo vulputate, justo.','harness collaborative bandwidth');
INSERT INTO post(id,post_content,tags) VALUES (107,'Nulla ut erat id mauris vulputate elementum. Nullam varius. Nulla facilisi. Cras non velit nec nisi vulputate nonummy.','deliver rich architectures');
INSERT INTO post(id,post_content,tags) VALUES (108,'Vivamus vel nulla eget eros elementum pellentesque. Quisque porta volutpat erat. Quisque erat eros, viverra eget, congue eget, semper rutrum, nulla. Nunc purus. Phasellus in felis. Donec semper sapien a libero.','generate collaborative synergies');
INSERT INTO post(id,post_content,tags) VALUES (109,'Morbi vestibulum, velit id pretium iaculis, diam erat fermentum justo, nec condimentum neque sapien placerat ante. Nulla justo. Aliquam quis turpis eget elit sodales scelerisque. Mauris sit amet eros. Suspendisse accumsan tortor quis turpis. Sed ante. Vivamus tortor. Duis mattis egestas metus.','redefine bleeding-edge deliverables');
INSERT INTO post(id,post_content,tags) VALUES (110,'Aliquam non mauris.','empower turn-key networks');
INSERT INTO post(id,post_content,tags) VALUES (111,'Vestibulum ante ipsum primis in faucibus orci luctus et ultrices posuere cubilia Curae; Mauris viverra diam vitae quam. Suspendisse potenti. Nullam porttitor lacus at turpis. Donec posuere metus vitae ipsum. Aliquam non mauris. Morbi non lectus. Aliquam sit amet diam in magna bibendum imperdiet. Nullam orci pede, venenatis non, sodales sed, tincidunt eu, felis.','incubate back-end interfaces');
INSERT INTO post(id,post_content,tags) VALUES (112,'Pellentesque ultrices mattis odio. Donec vitae nisi. Nam ultrices, libero non mattis pulvinar, nulla pede ullamcorper augue, a suscipit nulla elit ac nulla. Sed vel enim sit amet nunc viverra dapibus. Nulla suscipit ligula in lacus. Curabitur at ipsum ac tellus semper interdum. Mauris ullamcorper purus sit amet nulla. Quisque arcu libero, rutrum ac, lobortis vel, dapibus at, diam. Nam tristique tortor eu pede.','synergize world-class paradigms');
INSERT INTO post(id,post_content,tags) VALUES (113,'Duis bibendum. Morbi non quam nec dui luctus rutrum.','monetize interactive markets');
INSERT INTO post(id,post_content,tags) VALUES (114,'Pellentesque at nulla. Suspendisse potenti. Cras in purus eu magna vulputate luctus. Cum sociis natoque penatibus et magnis dis parturient montes, nascetur ridiculus mus. Vivamus vestibulum sagittis sapien. Cum sociis natoque penatibus et magnis dis parturient montes, nascetur ridiculus mus. Etiam vel augue. Vestibulum rutrum rutrum neque.','integrate granular applications');
INSERT INTO post(id,post_content,tags) VALUES (115,'Donec vitae nisi. Nam ultrices, libero non mattis pulvinar, nulla pede ullamcorper augue, a suscipit nulla elit ac nulla. Sed vel enim sit amet nunc viverra dapibus. Nulla suscipit ligula in lacus. Curabitur at ipsum ac tellus semper interdum.','matrix front-end deliverables');
INSERT INTO post(id,post_content,tags) VALUES (116,'Fusce consequat. Nulla nisl. Nunc nisl. Duis bibendum, felis sed interdum venenatis, turpis enim blandit mi, in porttitor pede justo eu massa. Donec dapibus. Duis at velit eu est congue elementum. In hac habitasse platea dictumst. Morbi vestibulum, velit id pretium iaculis, diam erat fermentum justo, nec condimentum neque sapien placerat ante. Nulla justo.','embrace vertical web-readiness');
INSERT INTO post(id,post_content,tags) VALUES (117,'Donec ut mauris eget massa tempor convallis. Nulla neque libero, convallis eget, eleifend luctus, ultricies eu, nibh. Quisque id justo sit amet sapien dignissim vestibulum. Vestibulum ante ipsum primis in faucibus orci luctus et ultrices posuere cubilia Curae; Nulla dapibus dolor vel est. Donec odio justo, sollicitudin ut, suscipit a, feugiat et, eros. Vestibulum ac est lacinia nisi venenatis tristique. Fusce congue, diam id ornare imperdiet, sapien urna pretium nisl, ut volutpat sapien arcu sed augue. Aliquam erat volutpat. In congue.','cultivate scalable infrastructures');
INSERT INTO post(id,post_content,tags) VALUES (118,'Integer ac leo. Pellentesque ultrices mattis odio.','synthesize robust models');
INSERT INTO post(id,post_content,tags) VALUES (119,'Donec diam neque, vestibulum eget, vulputate ut, ultrices vel, augue. Vestibulum ante ipsum primis in faucibus orci luctus et ultrices posuere cubilia Curae; Donec pharetra, magna vestibulum aliquet ultrices, erat tortor sollicitudin mi, sit amet lobortis sapien sapien non mi. Integer ac neque. Duis bibendum. Morbi non quam nec dui luctus rutrum. Nulla tellus.','innovate revolutionary supply-chains');
INSERT INTO post(id,post_content,tags) VALUES (120,'Integer aliquet, massa id lobortis convallis, tortor risus dapibus augue, vel accumsan tellus nisi eu orci. Mauris lacinia sapien quis libero.','deliver vertical e-commerce');
INSERT INTO post(id,post_content,tags) VALUES (121,'Proin risus. Praesent lectus. Vestibulum quam sapien, varius ut, blandit non, interdum in, ante.','synergize back-end action-items');
INSERT INTO post(id,post_content,tags) VALUES (122,'Vestibulum ante ipsum primis in faucibus orci luctus et ultrices posuere cubilia Curae; Donec pharetra, magna vestibulum aliquet ultrices, erat tortor sollicitudin mi, sit amet lobortis sapien sapien non mi. Integer ac neque. Duis bibendum.','seize customized functionalities');
INSERT INTO post(id,post_content,tags) VALUES (123,'In tempor, turpis nec euismod scelerisque, quam turpis adipiscing lorem, vitae mattis nibh ligula nec sem. Duis aliquam convallis nunc.','seize front-end ROI');
INSERT INTO post(id,post_content,tags) VALUES (124,'Suspendisse potenti. In eleifend quam a odio. In hac habitasse platea dictumst. Maecenas ut massa quis augue luctus tincidunt. Nulla mollis molestie lorem. Quisque ut erat. Curabitur gravida nisi at nibh.','iterate magnetic communities');
INSERT INTO post(id,post_content,tags) VALUES (125,'Quisque id justo sit amet sapien dignissim vestibulum. Vestibulum ante ipsum primis in faucibus orci luctus et ultrices posuere cubilia Curae; Nulla dapibus dolor vel est. Donec odio justo, sollicitudin ut, suscipit a, feugiat et, eros. Vestibulum ac est lacinia nisi venenatis tristique. Fusce congue, diam id ornare imperdiet, sapien urna pretium nisl, ut volutpat sapien arcu sed augue. Aliquam erat volutpat.','deliver rich action-items');
INSERT INTO post(id,post_content,tags) VALUES (126,'Nulla facilisi.','matrix clicks-and-mortar e-markets');
INSERT INTO post(id,post_content,tags) VALUES (127,'Morbi vestibulum, velit id pretium iaculis, diam erat fermentum justo, nec condimentum neque sapien placerat ante. Nulla justo. Aliquam quis turpis eget elit sodales scelerisque. Mauris sit amet eros. Suspendisse accumsan tortor quis turpis. Sed ante. Vivamus tortor. Duis mattis egestas metus. Aenean fermentum.','productize transparent systems');
INSERT INTO post(id,post_content,tags) VALUES (128,'Aenean lectus. Pellentesque eget nunc. Donec quis orci eget orci vehicula condimentum. Curabitur in libero ut massa volutpat convallis. Morbi odio odio, elementum eu, interdum eu, tincidunt in, leo. Maecenas pulvinar lobortis est. Phasellus sit amet erat. Nulla tempus. Vivamus in felis eu sapien cursus vestibulum. Proin eu mi.','enable dot-com web services');
INSERT INTO post(id,post_content,tags) VALUES (129,'Aliquam quis turpis eget elit sodales scelerisque. Mauris sit amet eros. Suspendisse accumsan tortor quis turpis. Sed ante. Vivamus tortor. Duis mattis egestas metus. Aenean fermentum. Donec ut mauris eget massa tempor convallis. Nulla neque libero, convallis eget, eleifend luctus, ultricies eu, nibh. Quisque id justo sit amet sapien dignissim vestibulum.','integrate revolutionary mindshare');
INSERT INTO post(id,post_content,tags) VALUES (130,'Suspendisse potenti. In eleifend quam a odio. In hac habitasse platea dictumst. Maecenas ut massa quis augue luctus tincidunt.','utilize open-source models');
INSERT INTO post(id,post_content,tags) VALUES (131,'Aliquam sit amet diam in magna bibendum imperdiet. Nullam orci pede, venenatis non, sodales sed, tincidunt eu, felis.','reintermediate end-to-end web services');
INSERT INTO post(id,post_content,tags) VALUES (132,'Lorem ipsum dolor sit amet, consectetuer adipiscing elit. Proin risus.','matrix impactful infomediaries');
INSERT INTO post(id,post_content,tags) VALUES (133,'Vivamus vestibulum sagittis sapien. Cum sociis natoque penatibus et magnis dis parturient montes, nascetur ridiculus mus. Etiam vel augue. Vestibulum rutrum rutrum neque. Aenean auctor gravida sem. Praesent id massa id nisl venenatis lacinia. Aenean sit amet justo. Morbi ut odio. Cras mi pede, malesuada in, imperdiet et, commodo vulputate, justo. In blandit ultrices enim.','embrace front-end content');
INSERT INTO post(id,post_content,tags) VALUES (134,'Curabitur gravida nisi at nibh.','benchmark out-of-the-box e-business');
INSERT INTO post(id,post_content,tags) VALUES (135,'Suspendisse potenti.','matrix dot-com niches');
INSERT INTO post(id,post_content,tags) VALUES (136,'Nullam orci pede, venenatis non, sodales sed, tincidunt eu, felis. Fusce posuere felis sed lacus. Morbi sem mauris, laoreet ut, rhoncus aliquet, pulvinar sed, nisl. Nunc rhoncus dui vel sem. Sed sagittis. Nam congue, risus semper porta volutpat, quam pede lobortis ligula, sit amet eleifend pede libero quis orci.','unleash innovative content');
INSERT INTO post(id,post_content,tags) VALUES (137,'Nulla tellus. In sagittis dui vel nisl. Duis ac nibh. Fusce lacus purus, aliquet at, feugiat non, pretium quis, lectus. Suspendisse potenti. In eleifend quam a odio. In hac habitasse platea dictumst. Maecenas ut massa quis augue luctus tincidunt. Nulla mollis molestie lorem.','redefine clicks-and-mortar eyeballs');
INSERT INTO post(id,post_content,tags) VALUES (138,'Morbi non quam nec dui luctus rutrum. Nulla tellus. In sagittis dui vel nisl. Duis ac nibh. Fusce lacus purus, aliquet at, feugiat non, pretium quis, lectus. Suspendisse potenti. In eleifend quam a odio. In hac habitasse platea dictumst. Maecenas ut massa quis augue luctus tincidunt.','benchmark sexy web services');
INSERT INTO post(id,post_content,tags) VALUES (139,'In congue. Etiam justo. Etiam pretium iaculis justo. In hac habitasse platea dictumst. Etiam faucibus cursus urna. Ut tellus. Nulla ut erat id mauris vulputate elementum. Nullam varius. Nulla facilisi.','whiteboard 24/365 users');
INSERT INTO post(id,post_content,tags) VALUES (140,'Cras in purus eu magna vulputate luctus. Cum sociis natoque penatibus et magnis dis parturient montes, nascetur ridiculus mus. Vivamus vestibulum sagittis sapien. Cum sociis natoque penatibus et magnis dis parturient montes, nascetur ridiculus mus. Etiam vel augue. Vestibulum rutrum rutrum neque. Aenean auctor gravida sem. Praesent id massa id nisl venenatis lacinia. Aenean sit amet justo. Morbi ut odio.','maximize world-class methodologies');
INSERT INTO post(id,post_content,tags) VALUES (141,'Nullam varius. Nulla facilisi. Cras non velit nec nisi vulputate nonummy. Maecenas tincidunt lacus at velit. Vivamus vel nulla eget eros elementum pellentesque.','recontextualize interactive communities');
INSERT INTO post(id,post_content,tags) VALUES (142,'Proin eu mi. Nulla ac enim. In tempor, turpis nec euismod scelerisque, quam turpis adipiscing lorem, vitae mattis nibh ligula nec sem.','aggregate back-end methodologies');
INSERT INTO post(id,post_content,tags) VALUES (143,'Maecenas pulvinar lobortis est. Phasellus sit amet erat. Nulla tempus. Vivamus in felis eu sapien cursus vestibulum. Proin eu mi. Nulla ac enim. In tempor, turpis nec euismod scelerisque, quam turpis adipiscing lorem, vitae mattis nibh ligula nec sem.','streamline global infomediaries');
INSERT INTO post(id,post_content,tags) VALUES (144,'Lorem ipsum dolor sit amet, consectetuer adipiscing elit. Proin risus. Praesent lectus. Vestibulum quam sapien, varius ut, blandit non, interdum in, ante. Vestibulum ante ipsum primis in faucibus orci luctus et ultrices posuere cubilia Curae; Duis faucibus accumsan odio.','strategize impactful initiatives');
INSERT INTO post(id,post_content,tags) VALUES (145,'Mauris lacinia sapien quis libero. Nullam sit amet turpis elementum ligula vehicula consequat. Morbi a ipsum. Integer a nibh. In quis justo. Maecenas rhoncus aliquam lacus. Morbi quis tortor id nulla ultrices aliquet.','grow global convergence');
INSERT INTO post(id,post_content,tags) VALUES (146,'Morbi non quam nec dui luctus rutrum. Nulla tellus. In sagittis dui vel nisl. Duis ac nibh. Fusce lacus purus, aliquet at, feugiat non, pretium quis, lectus.','extend efficient models');
INSERT INTO post(id,post_content,tags) VALUES (147,'Vestibulum ante ipsum primis in faucibus orci luctus et ultrices posuere cubilia Curae; Donec pharetra, magna vestibulum aliquet ultrices, erat tortor sollicitudin mi, sit amet lobortis sapien sapien non mi. Integer ac neque. Duis bibendum. Morbi non quam nec dui luctus rutrum. Nulla tellus. In sagittis dui vel nisl. Duis ac nibh. Fusce lacus purus, aliquet at, feugiat non, pretium quis, lectus. Suspendisse potenti.','target global ROI');
INSERT INTO post(id,post_content,tags) VALUES (148,'Morbi porttitor lorem id ligula. Suspendisse ornare consequat lectus. In est risus, auctor sed, tristique in, tempus sit amet, sem. Fusce consequat. Nulla nisl. Nunc nisl. Duis bibendum, felis sed interdum venenatis, turpis enim blandit mi, in porttitor pede justo eu massa. Donec dapibus.','extend efficient technologies');
INSERT INTO post(id,post_content,tags) VALUES (149,'Nunc nisl. Duis bibendum, felis sed interdum venenatis, turpis enim blandit mi, in porttitor pede justo eu massa.','synergize enterprise interfaces');
INSERT INTO post(id,post_content,tags) VALUES (150,'Aenean sit amet justo. Morbi ut odio. Cras mi pede, malesuada in, imperdiet et, commodo vulputate, justo.','evolve frictionless portals');


-- comment inserts
INSERT INTO comment(id,username,post_id,comment_content) VALUES (1,'ebold0',140,'Duis at velit eu est congue elementum. In hac habitasse platea dictumst. Morbi vestibulum, velit id pretium iaculis, diam erat fermentum justo, nec condimentum neque sapien placerat ante. Nulla justo. Aliquam quis turpis eget elit sodales scelerisque. Mauris sit amet eros. Suspendisse accumsan tortor quis turpis.');
INSERT INTO comment(id,username,post_id,comment_content) VALUES (2,'orowter1',100,'Donec diam neque, vestibulum eget, vulputate ut, ultrices vel, augue. Vestibulum ante ipsum primis in faucibus orci luctus et ultrices posuere cubilia Curae; Donec pharetra, magna vestibulum aliquet ultrices, erat tortor sollicitudin mi, sit amet lobortis sapien sapien non mi. Integer ac neque. Duis bibendum. Morbi non quam nec dui luctus rutrum. Nulla tellus.');
INSERT INTO comment(id,username,post_id,comment_content) VALUES (3,'gisacoff2',5,'Curabitur convallis. Duis consequat dui nec nisi volutpat eleifend. Donec ut dolor. Morbi vel lectus in quam fringilla rhoncus. Mauris enim leo, rhoncus sed, vestibulum sit amet, cursus id, turpis. Integer aliquet, massa id lobortis convallis, tortor risus dapibus augue, vel accumsan tellus nisi eu orci. Mauris lacinia sapien quis libero. Nullam sit amet turpis elementum ligula vehicula consequat.');
INSERT INTO comment(id,username,post_id,comment_content) VALUES (4,'ngrouvel3',114,'Aenean auctor gravida sem. Praesent id massa id nisl venenatis lacinia. Aenean sit amet justo. Morbi ut odio. Cras mi pede, malesuada in, imperdiet et, commodo vulputate, justo. In blandit ultrices enim.');
INSERT INTO comment(id,username,post_id,comment_content) VALUES (5,'mlenz4',24,'Morbi porttitor lorem id ligula. Suspendisse ornare consequat lectus. In est risus, auctor sed, tristique in, tempus sit amet, sem. Fusce consequat. Nulla nisl. Nunc nisl. Duis bibendum, felis sed interdum venenatis, turpis enim blandit mi, in porttitor pede justo eu massa. Donec dapibus. Duis at velit eu est congue elementum. In hac habitasse platea dictumst.');
INSERT INTO comment(id,username,post_id,comment_content) VALUES (6,'ewiffield5',63,'Aliquam augue quam, sollicitudin vitae, consectetuer eget, rutrum at, lorem. Integer tincidunt ante vel ipsum. Praesent blandit lacinia erat. Vestibulum sed magna at nunc commodo placerat. Praesent blandit. Nam nulla. Integer pede justo, lacinia eget, tincidunt eget, tempus vel, pede. Morbi porttitor lorem id ligula. Suspendisse ornare consequat lectus. In est risus, auctor sed, tristique in, tempus sit amet, sem.');
INSERT INTO comment(id,username,post_id,comment_content) VALUES (7,'tcadwell6',102,'In hac habitasse platea dictumst. Morbi vestibulum, velit id pretium iaculis, diam erat fermentum justo, nec condimentum neque sapien placerat ante. Nulla justo.');
INSERT INTO comment(id,username,post_id,comment_content) VALUES (8,'ccrabb7',35,'Fusce posuere felis sed lacus. Morbi sem mauris, laoreet ut, rhoncus aliquet, pulvinar sed, nisl. Nunc rhoncus dui vel sem. Sed sagittis. Nam congue, risus semper porta volutpat, quam pede lobortis ligula, sit amet eleifend pede libero quis orci. Nullam molestie nibh in lectus. Pellentesque at nulla. Suspendisse potenti. Cras in purus eu magna vulputate luctus. Cum sociis natoque penatibus et magnis dis parturient montes, nascetur ridiculus mus.');
INSERT INTO comment(id,username,post_id,comment_content) VALUES (9,'grosita8',25,'Duis bibendum, felis sed interdum venenatis, turpis enim blandit mi, in porttitor pede justo eu massa. Donec dapibus.');
INSERT INTO comment(id,username,post_id,comment_content) VALUES (10,'knorthey9',122,'Mauris sit amet eros. Suspendisse accumsan tortor quis turpis. Sed ante. Vivamus tortor. Duis mattis egestas metus. Aenean fermentum. Donec ut mauris eget massa tempor convallis. Nulla neque libero, convallis eget, eleifend luctus, ultricies eu, nibh. Quisque id justo sit amet sapien dignissim vestibulum.');
INSERT INTO comment(id,username,post_id,comment_content) VALUES (11,'bdraxforda',150,'Vivamus in felis eu sapien cursus vestibulum. Proin eu mi. Nulla ac enim. In tempor, turpis nec euismod scelerisque, quam turpis adipiscing lorem, vitae mattis nibh ligula nec sem. Duis aliquam convallis nunc. Proin at turpis a pede posuere nonummy. Integer non velit. Donec diam neque, vestibulum eget, vulputate ut, ultrices vel, augue.');
INSERT INTO comment(id,username,post_id,comment_content) VALUES (12,'swiltshireb',21,'Duis consequat dui nec nisi volutpat eleifend. Donec ut dolor. Morbi vel lectus in quam fringilla rhoncus. Mauris enim leo, rhoncus sed, vestibulum sit amet, cursus id, turpis. Integer aliquet, massa id lobortis convallis, tortor risus dapibus augue, vel accumsan tellus nisi eu orci. Mauris lacinia sapien quis libero. Nullam sit amet turpis elementum ligula vehicula consequat. Morbi a ipsum. Integer a nibh. In quis justo.');
INSERT INTO comment(id,username,post_id,comment_content) VALUES (13,'smegarryc',112,'Nunc rhoncus dui vel sem. Sed sagittis. Nam congue, risus semper porta volutpat, quam pede lobortis ligula, sit amet eleifend pede libero quis orci. Nullam molestie nibh in lectus.');
INSERT INTO comment(id,username,post_id,comment_content) VALUES (14,'bcumined',147,'Lorem ipsum dolor sit amet, consectetuer adipiscing elit. Proin interdum mauris non ligula pellentesque ultrices. Phasellus id sapien in sapien iaculis congue. Vivamus metus arcu, adipiscing molestie, hendrerit at, vulputate vitae, nisl.');
INSERT INTO comment(id,username,post_id,comment_content) VALUES (15,'dmorsee',97,'Integer aliquet, massa id lobortis convallis, tortor risus dapibus augue, vel accumsan tellus nisi eu orci. Mauris lacinia sapien quis libero. Nullam sit amet turpis elementum ligula vehicula consequat. Morbi a ipsum. Integer a nibh. In quis justo. Maecenas rhoncus aliquam lacus. Morbi quis tortor id nulla ultrices aliquet.');
INSERT INTO comment(id,username,post_id,comment_content) VALUES (16,'mkliemannf',70,'Maecenas ut massa quis augue luctus tincidunt. Nulla mollis molestie lorem. Quisque ut erat. Curabitur gravida nisi at nibh.');
INSERT INTO comment(id,username,post_id,comment_content) VALUES (17,'egerokg',7,'In hac habitasse platea dictumst. Morbi vestibulum, velit id pretium iaculis, diam erat fermentum justo, nec condimentum neque sapien placerat ante. Nulla justo. Aliquam quis turpis eget elit sodales scelerisque. Mauris sit amet eros. Suspendisse accumsan tortor quis turpis. Sed ante. Vivamus tortor.');
INSERT INTO comment(id,username,post_id,comment_content) VALUES (18,'eparadinh',7,'In est risus, auctor sed, tristique in, tempus sit amet, sem. Fusce consequat. Nulla nisl. Nunc nisl. Duis bibendum, felis sed interdum venenatis, turpis enim blandit mi, in porttitor pede justo eu massa. Donec dapibus.');
INSERT INTO comment(id,username,post_id,comment_content) VALUES (19,'ovennersi',67,'Curabitur gravida nisi at nibh. In hac habitasse platea dictumst. Aliquam augue quam, sollicitudin vitae, consectetuer eget, rutrum at, lorem. Integer tincidunt ante vel ipsum. Praesent blandit lacinia erat. Vestibulum sed magna at nunc commodo placerat.');
INSERT INTO comment(id,username,post_id,comment_content) VALUES (20,'mnevinsonj',84,'Ut at dolor quis odio consequat varius. Integer ac leo.');
INSERT INTO comment(id,username,post_id,comment_content) VALUES (21,'gbennedickk',39,'Sed accumsan felis. Ut at dolor quis odio consequat varius. Integer ac leo.');
INSERT INTO comment(id,username,post_id,comment_content) VALUES (22,'nlabell',146,'Curabitur gravida nisi at nibh. In hac habitasse platea dictumst.');
INSERT INTO comment(id,username,post_id,comment_content) VALUES (23,'wfussellm',116,'Nullam molestie nibh in lectus. Pellentesque at nulla. Suspendisse potenti. Cras in purus eu magna vulputate luctus.');
INSERT INTO comment(id,username,post_id,comment_content) VALUES (24,'fiffen',22,'Morbi porttitor lorem id ligula. Suspendisse ornare consequat lectus. In est risus, auctor sed, tristique in, tempus sit amet, sem. Fusce consequat. Nulla nisl. Nunc nisl. Duis bibendum, felis sed interdum venenatis, turpis enim blandit mi, in porttitor pede justo eu massa. Donec dapibus.');
INSERT INTO comment(id,username,post_id,comment_content) VALUES (25,'rhendricho',20,'Nullam orci pede, venenatis non, sodales sed, tincidunt eu, felis. Fusce posuere felis sed lacus. Morbi sem mauris, laoreet ut, rhoncus aliquet, pulvinar sed, nisl. Nunc rhoncus dui vel sem. Sed sagittis. Nam congue, risus semper porta volutpat, quam pede lobortis ligula, sit amet eleifend pede libero quis orci. Nullam molestie nibh in lectus. Pellentesque at nulla.');
INSERT INTO comment(id,username,post_id,comment_content) VALUES (26,'svaheyp',115,'Curabitur gravida nisi at nibh. In hac habitasse platea dictumst.');
INSERT INTO comment(id,username,post_id,comment_content) VALUES (27,'csalesq',106,'Vivamus in felis eu sapien cursus vestibulum. Proin eu mi.');
INSERT INTO comment(id,username,post_id,comment_content) VALUES (28,'lkyler',73,'Nunc nisl. Duis bibendum, felis sed interdum venenatis, turpis enim blandit mi, in porttitor pede justo eu massa. Donec dapibus. Duis at velit eu est congue elementum. In hac habitasse platea dictumst.');
INSERT INTO comment(id,username,post_id,comment_content) VALUES (29,'rsyselands',113,'Nulla facilisi. Cras non velit nec nisi vulputate nonummy. Maecenas tincidunt lacus at velit. Vivamus vel nulla eget eros elementum pellentesque. Quisque porta volutpat erat. Quisque erat eros, viverra eget, congue eget, semper rutrum, nulla. Nunc purus. Phasellus in felis. Donec semper sapien a libero. Nam dui.');
INSERT INTO comment(id,username,post_id,comment_content) VALUES (30,'gortett',94,'Nulla facilisi. Cras non velit nec nisi vulputate nonummy. Maecenas tincidunt lacus at velit. Vivamus vel nulla eget eros elementum pellentesque. Quisque porta volutpat erat. Quisque erat eros, viverra eget, congue eget, semper rutrum, nulla. Nunc purus. Phasellus in felis.');
INSERT INTO comment(id,username,post_id,comment_content) VALUES (31,'cfrenzlu',9,'Integer ac neque. Duis bibendum. Morbi non quam nec dui luctus rutrum. Nulla tellus. In sagittis dui vel nisl. Duis ac nibh. Fusce lacus purus, aliquet at, feugiat non, pretium quis, lectus.');
INSERT INTO comment(id,username,post_id,comment_content) VALUES (32,'kmattsonv',148,'Curabitur at ipsum ac tellus semper interdum.');
INSERT INTO comment(id,username,post_id,comment_content) VALUES (33,'cfehnerw',42,'Integer ac leo. Pellentesque ultrices mattis odio. Donec vitae nisi. Nam ultrices, libero non mattis pulvinar, nulla pede ullamcorper augue, a suscipit nulla elit ac nulla. Sed vel enim sit amet nunc viverra dapibus. Nulla suscipit ligula in lacus. Curabitur at ipsum ac tellus semper interdum.');
INSERT INTO comment(id,username,post_id,comment_content) VALUES (34,'vashlingx',36,'Cum sociis natoque penatibus et magnis dis parturient montes, nascetur ridiculus mus. Vivamus vestibulum sagittis sapien. Cum sociis natoque penatibus et magnis dis parturient montes, nascetur ridiculus mus. Etiam vel augue. Vestibulum rutrum rutrum neque. Aenean auctor gravida sem. Praesent id massa id nisl venenatis lacinia. Aenean sit amet justo.');
INSERT INTO comment(id,username,post_id,comment_content) VALUES (35,'lvanderbaareny',71,'Proin risus. Praesent lectus. Vestibulum quam sapien, varius ut, blandit non, interdum in, ante. Vestibulum ante ipsum primis in faucibus orci luctus et ultrices posuere cubilia Curae; Duis faucibus accumsan odio. Curabitur convallis. Duis consequat dui nec nisi volutpat eleifend. Donec ut dolor. Morbi vel lectus in quam fringilla rhoncus. Mauris enim leo, rhoncus sed, vestibulum sit amet, cursus id, turpis. Integer aliquet, massa id lobortis convallis, tortor risus dapibus augue, vel accumsan tellus nisi eu orci.');
INSERT INTO comment(id,username,post_id,comment_content) VALUES (36,'bkohringz',70,'Nunc purus. Phasellus in felis. Donec semper sapien a libero. Nam dui. Proin leo odio, porttitor id, consequat in, consequat ut, nulla. Sed accumsan felis. Ut at dolor quis odio consequat varius. Integer ac leo.');
INSERT INTO comment(id,username,post_id,comment_content) VALUES (37,'bbruckman10',106,'Sed ante. Vivamus tortor. Duis mattis egestas metus. Aenean fermentum. Donec ut mauris eget massa tempor convallis. Nulla neque libero, convallis eget, eleifend luctus, ultricies eu, nibh. Quisque id justo sit amet sapien dignissim vestibulum. Vestibulum ante ipsum primis in faucibus orci luctus et ultrices posuere cubilia Curae; Nulla dapibus dolor vel est. Donec odio justo, sollicitudin ut, suscipit a, feugiat et, eros.');
INSERT INTO comment(id,username,post_id,comment_content) VALUES (38,'cdawidowitsch11',14,'Suspendisse potenti. Nullam porttitor lacus at turpis. Donec posuere metus vitae ipsum. Aliquam non mauris.');
INSERT INTO comment(id,username,post_id,comment_content) VALUES (39,'zweiser12',46,'Pellentesque eget nunc. Donec quis orci eget orci vehicula condimentum. Curabitur in libero ut massa volutpat convallis. Morbi odio odio, elementum eu, interdum eu, tincidunt in, leo. Maecenas pulvinar lobortis est.');
INSERT INTO comment(id,username,post_id,comment_content) VALUES (40,'hbugler13',55,'Duis consequat dui nec nisi volutpat eleifend. Donec ut dolor. Morbi vel lectus in quam fringilla rhoncus. Mauris enim leo, rhoncus sed, vestibulum sit amet, cursus id, turpis. Integer aliquet, massa id lobortis convallis, tortor risus dapibus augue, vel accumsan tellus nisi eu orci. Mauris lacinia sapien quis libero.');
INSERT INTO comment(id,username,post_id,comment_content) VALUES (41,'mdodamead14',83,'Vestibulum ante ipsum primis in faucibus orci luctus et ultrices posuere cubilia Curae; Duis faucibus accumsan odio. Curabitur convallis. Duis consequat dui nec nisi volutpat eleifend. Donec ut dolor. Morbi vel lectus in quam fringilla rhoncus. Mauris enim leo, rhoncus sed, vestibulum sit amet, cursus id, turpis. Integer aliquet, massa id lobortis convallis, tortor risus dapibus augue, vel accumsan tellus nisi eu orci. Mauris lacinia sapien quis libero. Nullam sit amet turpis elementum ligula vehicula consequat. Morbi a ipsum.');
INSERT INTO comment(id,username,post_id,comment_content) VALUES (42,'ppougher15',11,'Nulla neque libero, convallis eget, eleifend luctus, ultricies eu, nibh. Quisque id justo sit amet sapien dignissim vestibulum. Vestibulum ante ipsum primis in faucibus orci luctus et ultrices posuere cubilia Curae; Nulla dapibus dolor vel est. Donec odio justo, sollicitudin ut, suscipit a, feugiat et, eros.');
INSERT INTO comment(id,username,post_id,comment_content) VALUES (43,'kgunson16',93,'Duis at velit eu est congue elementum. In hac habitasse platea dictumst. Morbi vestibulum, velit id pretium iaculis, diam erat fermentum justo, nec condimentum neque sapien placerat ante. Nulla justo. Aliquam quis turpis eget elit sodales scelerisque. Mauris sit amet eros.');
INSERT INTO comment(id,username,post_id,comment_content) VALUES (44,'msultan17',82,'Aliquam augue quam, sollicitudin vitae, consectetuer eget, rutrum at, lorem. Integer tincidunt ante vel ipsum. Praesent blandit lacinia erat. Vestibulum sed magna at nunc commodo placerat. Praesent blandit. Nam nulla. Integer pede justo, lacinia eget, tincidunt eget, tempus vel, pede.');
INSERT INTO comment(id,username,post_id,comment_content) VALUES (45,'lrenvoise18',54,'Nulla ut erat id mauris vulputate elementum. Nullam varius. Nulla facilisi. Cras non velit nec nisi vulputate nonummy. Maecenas tincidunt lacus at velit. Vivamus vel nulla eget eros elementum pellentesque. Quisque porta volutpat erat. Quisque erat eros, viverra eget, congue eget, semper rutrum, nulla.');
INSERT INTO comment(id,username,post_id,comment_content) VALUES (46,'kbails19',7,'Praesent lectus.');
INSERT INTO comment(id,username,post_id,comment_content) VALUES (47,'pbaggelley1a',16,'Cras non velit nec nisi vulputate nonummy. Maecenas tincidunt lacus at velit. Vivamus vel nulla eget eros elementum pellentesque. Quisque porta volutpat erat. Quisque erat eros, viverra eget, congue eget, semper rutrum, nulla. Nunc purus. Phasellus in felis. Donec semper sapien a libero.');
INSERT INTO comment(id,username,post_id,comment_content) VALUES (48,'mmaffeo1b',95,'Duis consequat dui nec nisi volutpat eleifend. Donec ut dolor. Morbi vel lectus in quam fringilla rhoncus. Mauris enim leo, rhoncus sed, vestibulum sit amet, cursus id, turpis.');
INSERT INTO comment(id,username,post_id,comment_content) VALUES (49,'fbeevens1c',96,'Aliquam sit amet diam in magna bibendum imperdiet. Nullam orci pede, venenatis non, sodales sed, tincidunt eu, felis. Fusce posuere felis sed lacus. Morbi sem mauris, laoreet ut, rhoncus aliquet, pulvinar sed, nisl.');
INSERT INTO comment(id,username,post_id,comment_content) VALUES (50,'goaten1d',141,'Phasellus in felis. Donec semper sapien a libero. Nam dui.');
INSERT INTO comment(id,username,post_id,comment_content) VALUES (51,'bmccarver1e',32,'Morbi a ipsum. Integer a nibh. In quis justo. Maecenas rhoncus aliquam lacus. Morbi quis tortor id nulla ultrices aliquet. Maecenas leo odio, condimentum id, luctus nec, molestie sed, justo. Pellentesque viverra pede ac diam. Cras pellentesque volutpat dui. Maecenas tristique, est et tempus semper, est quam pharetra magna, ac consequat metus sapien ut nunc.');
INSERT INTO comment(id,username,post_id,comment_content) VALUES (52,'jboulder1f',104,'Nulla ut erat id mauris vulputate elementum.');
INSERT INTO comment(id,username,post_id,comment_content) VALUES (53,'dingon1g',69,'In quis justo. Maecenas rhoncus aliquam lacus. Morbi quis tortor id nulla ultrices aliquet. Maecenas leo odio, condimentum id, luctus nec, molestie sed, justo. Pellentesque viverra pede ac diam. Cras pellentesque volutpat dui. Maecenas tristique, est et tempus semper, est quam pharetra magna, ac consequat metus sapien ut nunc. Vestibulum ante ipsum primis in faucibus orci luctus et ultrices posuere cubilia Curae; Mauris viverra diam vitae quam.');
INSERT INTO comment(id,username,post_id,comment_content) VALUES (54,'bsmoughton1h',87,'Nam dui. Proin leo odio, porttitor id, consequat in, consequat ut, nulla.');
INSERT INTO comment(id,username,post_id,comment_content) VALUES (55,'jeberdt1i',63,'In hac habitasse platea dictumst. Maecenas ut massa quis augue luctus tincidunt. Nulla mollis molestie lorem.');
INSERT INTO comment(id,username,post_id,comment_content) VALUES (56,'tcohan1j',17,'Lorem ipsum dolor sit amet, consectetuer adipiscing elit. Proin interdum mauris non ligula pellentesque ultrices. Phasellus id sapien in sapien iaculis congue. Vivamus metus arcu, adipiscing molestie, hendrerit at, vulputate vitae, nisl.');
INSERT INTO comment(id,username,post_id,comment_content) VALUES (57,'mwannop1k',86,'Nam congue, risus semper porta volutpat, quam pede lobortis ligula, sit amet eleifend pede libero quis orci. Nullam molestie nibh in lectus. Pellentesque at nulla. Suspendisse potenti. Cras in purus eu magna vulputate luctus. Cum sociis natoque penatibus et magnis dis parturient montes, nascetur ridiculus mus. Vivamus vestibulum sagittis sapien. Cum sociis natoque penatibus et magnis dis parturient montes, nascetur ridiculus mus.');
INSERT INTO comment(id,username,post_id,comment_content) VALUES (58,'aborer1l',37,'Praesent blandit lacinia erat. Vestibulum sed magna at nunc commodo placerat.');
INSERT INTO comment(id,username,post_id,comment_content) VALUES (59,'kswitsur1m',20,'Vivamus metus arcu, adipiscing molestie, hendrerit at, vulputate vitae, nisl. Aenean lectus. Pellentesque eget nunc. Donec quis orci eget orci vehicula condimentum. Curabitur in libero ut massa volutpat convallis. Morbi odio odio, elementum eu, interdum eu, tincidunt in, leo. Maecenas pulvinar lobortis est. Phasellus sit amet erat.');
INSERT INTO comment(id,username,post_id,comment_content) VALUES (60,'wklimuk1n',136,'Aliquam non mauris.');
INSERT INTO comment(id,username,post_id,comment_content) VALUES (61,'bcarik1o',70,'Suspendisse accumsan tortor quis turpis. Sed ante. Vivamus tortor. Duis mattis egestas metus. Aenean fermentum. Donec ut mauris eget massa tempor convallis. Nulla neque libero, convallis eget, eleifend luctus, ultricies eu, nibh. Quisque id justo sit amet sapien dignissim vestibulum.');
INSERT INTO comment(id,username,post_id,comment_content) VALUES (62,'jheamus1p',15,'Praesent id massa id nisl venenatis lacinia.');
INSERT INTO comment(id,username,post_id,comment_content) VALUES (63,'tburdess1q',46,'Quisque id justo sit amet sapien dignissim vestibulum. Vestibulum ante ipsum primis in faucibus orci luctus et ultrices posuere cubilia Curae; Nulla dapibus dolor vel est. Donec odio justo, sollicitudin ut, suscipit a, feugiat et, eros. Vestibulum ac est lacinia nisi venenatis tristique.');
INSERT INTO comment(id,username,post_id,comment_content) VALUES (64,'ksharrocks1r',24,'Quisque erat eros, viverra eget, congue eget, semper rutrum, nulla. Nunc purus. Phasellus in felis. Donec semper sapien a libero. Nam dui. Proin leo odio, porttitor id, consequat in, consequat ut, nulla. Sed accumsan felis. Ut at dolor quis odio consequat varius. Integer ac leo. Pellentesque ultrices mattis odio.');
INSERT INTO comment(id,username,post_id,comment_content) VALUES (65,'oberndtsson1s',1,'Proin interdum mauris non ligula pellentesque ultrices. Phasellus id sapien in sapien iaculis congue. Vivamus metus arcu, adipiscing molestie, hendrerit at, vulputate vitae, nisl. Aenean lectus. Pellentesque eget nunc. Donec quis orci eget orci vehicula condimentum.');
INSERT INTO comment(id,username,post_id,comment_content) VALUES (66,'fsaltsberg1t',51,'Nunc nisl. Duis bibendum, felis sed interdum venenatis, turpis enim blandit mi, in porttitor pede justo eu massa. Donec dapibus. Duis at velit eu est congue elementum. In hac habitasse platea dictumst. Morbi vestibulum, velit id pretium iaculis, diam erat fermentum justo, nec condimentum neque sapien placerat ante. Nulla justo. Aliquam quis turpis eget elit sodales scelerisque. Mauris sit amet eros.');
INSERT INTO comment(id,username,post_id,comment_content) VALUES (67,'dnation1u',3,'Quisque ut erat. Curabitur gravida nisi at nibh. In hac habitasse platea dictumst. Aliquam augue quam, sollicitudin vitae, consectetuer eget, rutrum at, lorem. Integer tincidunt ante vel ipsum.');
INSERT INTO comment(id,username,post_id,comment_content) VALUES (68,'plamborn1v',66,'Aenean fermentum. Donec ut mauris eget massa tempor convallis. Nulla neque libero, convallis eget, eleifend luctus, ultricies eu, nibh. Quisque id justo sit amet sapien dignissim vestibulum. Vestibulum ante ipsum primis in faucibus orci luctus et ultrices posuere cubilia Curae; Nulla dapibus dolor vel est.');
INSERT INTO comment(id,username,post_id,comment_content) VALUES (69,'lblissitt1w',140,'Maecenas tincidunt lacus at velit. Vivamus vel nulla eget eros elementum pellentesque. Quisque porta volutpat erat. Quisque erat eros, viverra eget, congue eget, semper rutrum, nulla. Nunc purus. Phasellus in felis. Donec semper sapien a libero. Nam dui.');
INSERT INTO comment(id,username,post_id,comment_content) VALUES (70,'lsurguine1x',40,'Nulla tellus. In sagittis dui vel nisl. Duis ac nibh. Fusce lacus purus, aliquet at, feugiat non, pretium quis, lectus.');
INSERT INTO comment(id,username,post_id,comment_content) VALUES (71,'khutchcraft1y',65,'Quisque erat eros, viverra eget, congue eget, semper rutrum, nulla. Nunc purus. Phasellus in felis. Donec semper sapien a libero. Nam dui. Proin leo odio, porttitor id, consequat in, consequat ut, nulla. Sed accumsan felis. Ut at dolor quis odio consequat varius. Integer ac leo.');
INSERT INTO comment(id,username,post_id,comment_content) VALUES (72,'mbasek1z',49,'Pellentesque eget nunc. Donec quis orci eget orci vehicula condimentum. Curabitur in libero ut massa volutpat convallis.');
INSERT INTO comment(id,username,post_id,comment_content) VALUES (73,'tcowderoy20',88,'Proin leo odio, porttitor id, consequat in, consequat ut, nulla. Sed accumsan felis. Ut at dolor quis odio consequat varius. Integer ac leo. Pellentesque ultrices mattis odio. Donec vitae nisi. Nam ultrices, libero non mattis pulvinar, nulla pede ullamcorper augue, a suscipit nulla elit ac nulla. Sed vel enim sit amet nunc viverra dapibus.');
INSERT INTO comment(id,username,post_id,comment_content) VALUES (74,'mvalentin21',61,'Suspendisse potenti. In eleifend quam a odio. In hac habitasse platea dictumst. Maecenas ut massa quis augue luctus tincidunt. Nulla mollis molestie lorem. Quisque ut erat. Curabitur gravida nisi at nibh. In hac habitasse platea dictumst.');
INSERT INTO comment(id,username,post_id,comment_content) VALUES (75,'iwhitfeld22',113,'Maecenas tristique, est et tempus semper, est quam pharetra magna, ac consequat metus sapien ut nunc. Vestibulum ante ipsum primis in faucibus orci luctus et ultrices posuere cubilia Curae; Mauris viverra diam vitae quam. Suspendisse potenti. Nullam porttitor lacus at turpis. Donec posuere metus vitae ipsum. Aliquam non mauris. Morbi non lectus.');
INSERT INTO comment(id,username,post_id,comment_content) VALUES (76,'croncelli23',127,'Cum sociis natoque penatibus et magnis dis parturient montes, nascetur ridiculus mus. Etiam vel augue. Vestibulum rutrum rutrum neque. Aenean auctor gravida sem. Praesent id massa id nisl venenatis lacinia. Aenean sit amet justo. Morbi ut odio.');
INSERT INTO comment(id,username,post_id,comment_content) VALUES (77,'ktrenholme24',88,'Vestibulum ante ipsum primis in faucibus orci luctus et ultrices posuere cubilia Curae; Mauris viverra diam vitae quam.');
INSERT INTO comment(id,username,post_id,comment_content) VALUES (78,'rbadham25',72,'Aenean lectus. Pellentesque eget nunc.');
INSERT INTO comment(id,username,post_id,comment_content) VALUES (79,'aahrenius26',129,'Sed accumsan felis. Ut at dolor quis odio consequat varius. Integer ac leo. Pellentesque ultrices mattis odio. Donec vitae nisi. Nam ultrices, libero non mattis pulvinar, nulla pede ullamcorper augue, a suscipit nulla elit ac nulla. Sed vel enim sit amet nunc viverra dapibus.');
INSERT INTO comment(id,username,post_id,comment_content) VALUES (80,'bsimoneau27',95,'Maecenas rhoncus aliquam lacus. Morbi quis tortor id nulla ultrices aliquet. Maecenas leo odio, condimentum id, luctus nec, molestie sed, justo.');
INSERT INTO comment(id,username,post_id,comment_content) VALUES (81,'sterrell28',84,'Morbi vestibulum, velit id pretium iaculis, diam erat fermentum justo, nec condimentum neque sapien placerat ante. Nulla justo. Aliquam quis turpis eget elit sodales scelerisque. Mauris sit amet eros. Suspendisse accumsan tortor quis turpis.');
INSERT INTO comment(id,username,post_id,comment_content) VALUES (82,'sheningam29',78,'Nulla facilisi. Cras non velit nec nisi vulputate nonummy. Maecenas tincidunt lacus at velit. Vivamus vel nulla eget eros elementum pellentesque. Quisque porta volutpat erat. Quisque erat eros, viverra eget, congue eget, semper rutrum, nulla. Nunc purus. Phasellus in felis. Donec semper sapien a libero. Nam dui.');
INSERT INTO comment(id,username,post_id,comment_content) VALUES (83,'fellett2a',2,'Integer tincidunt ante vel ipsum. Praesent blandit lacinia erat. Vestibulum sed magna at nunc commodo placerat. Praesent blandit. Nam nulla.');
INSERT INTO comment(id,username,post_id,comment_content) VALUES (84,'ltrusse2b',67,'Nunc nisl. Duis bibendum, felis sed interdum venenatis, turpis enim blandit mi, in porttitor pede justo eu massa. Donec dapibus. Duis at velit eu est congue elementum.');
INSERT INTO comment(id,username,post_id,comment_content) VALUES (85,'wtansley2c',80,'Aliquam erat volutpat.');
INSERT INTO comment(id,username,post_id,comment_content) VALUES (86,'jblaszczyk2d',146,'Nulla ut erat id mauris vulputate elementum. Nullam varius. Nulla facilisi. Cras non velit nec nisi vulputate nonummy. Maecenas tincidunt lacus at velit. Vivamus vel nulla eget eros elementum pellentesque.');
INSERT INTO comment(id,username,post_id,comment_content) VALUES (87,'mmould2e',112,'Proin eu mi. Nulla ac enim. In tempor, turpis nec euismod scelerisque, quam turpis adipiscing lorem, vitae mattis nibh ligula nec sem. Duis aliquam convallis nunc.');
INSERT INTO comment(id,username,post_id,comment_content) VALUES (88,'btomkins2f',28,'Lorem ipsum dolor sit amet, consectetuer adipiscing elit. Proin risus. Praesent lectus. Vestibulum quam sapien, varius ut, blandit non, interdum in, ante. Vestibulum ante ipsum primis in faucibus orci luctus et ultrices posuere cubilia Curae; Duis faucibus accumsan odio. Curabitur convallis. Duis consequat dui nec nisi volutpat eleifend. Donec ut dolor.');
INSERT INTO comment(id,username,post_id,comment_content) VALUES (89,'lplatt2g',124,'Lorem ipsum dolor sit amet, consectetuer adipiscing elit.');
INSERT INTO comment(id,username,post_id,comment_content) VALUES (90,'cleete2h',144,'Morbi odio odio, elementum eu, interdum eu, tincidunt in, leo. Maecenas pulvinar lobortis est.');
INSERT INTO comment(id,username,post_id,comment_content) VALUES (91,'ddiprose2i',101,'Fusce consequat. Nulla nisl. Nunc nisl. Duis bibendum, felis sed interdum venenatis, turpis enim blandit mi, in porttitor pede justo eu massa. Donec dapibus. Duis at velit eu est congue elementum. In hac habitasse platea dictumst. Morbi vestibulum, velit id pretium iaculis, diam erat fermentum justo, nec condimentum neque sapien placerat ante.');
INSERT INTO comment(id,username,post_id,comment_content) VALUES (92,'dcomolli2j',91,'Maecenas ut massa quis augue luctus tincidunt. Nulla mollis molestie lorem. Quisque ut erat. Curabitur gravida nisi at nibh. In hac habitasse platea dictumst. Aliquam augue quam, sollicitudin vitae, consectetuer eget, rutrum at, lorem. Integer tincidunt ante vel ipsum. Praesent blandit lacinia erat. Vestibulum sed magna at nunc commodo placerat. Praesent blandit.');
INSERT INTO comment(id,username,post_id,comment_content) VALUES (93,'kdobbie2k',36,'Curabitur convallis.');
INSERT INTO comment(id,username,post_id,comment_content) VALUES (94,'gswedeland2l',90,'Pellentesque at nulla. Suspendisse potenti. Cras in purus eu magna vulputate luctus. Cum sociis natoque penatibus et magnis dis parturient montes, nascetur ridiculus mus. Vivamus vestibulum sagittis sapien. Cum sociis natoque penatibus et magnis dis parturient montes, nascetur ridiculus mus. Etiam vel augue. Vestibulum rutrum rutrum neque.');
INSERT INTO comment(id,username,post_id,comment_content) VALUES (95,'gmount2m',23,'Nullam orci pede, venenatis non, sodales sed, tincidunt eu, felis. Fusce posuere felis sed lacus. Morbi sem mauris, laoreet ut, rhoncus aliquet, pulvinar sed, nisl.');
INSERT INTO comment(id,username,post_id,comment_content) VALUES (96,'pkinnon2n',85,'Phasellus sit amet erat. Nulla tempus. Vivamus in felis eu sapien cursus vestibulum. Proin eu mi. Nulla ac enim. In tempor, turpis nec euismod scelerisque, quam turpis adipiscing lorem, vitae mattis nibh ligula nec sem. Duis aliquam convallis nunc. Proin at turpis a pede posuere nonummy. Integer non velit. Donec diam neque, vestibulum eget, vulputate ut, ultrices vel, augue.');
INSERT INTO comment(id,username,post_id,comment_content) VALUES (97,'lsymones2o',58,'Praesent id massa id nisl venenatis lacinia. Aenean sit amet justo. Morbi ut odio. Cras mi pede, malesuada in, imperdiet et, commodo vulputate, justo. In blandit ultrices enim. Lorem ipsum dolor sit amet, consectetuer adipiscing elit. Proin interdum mauris non ligula pellentesque ultrices. Phasellus id sapien in sapien iaculis congue.');
INSERT INTO comment(id,username,post_id,comment_content) VALUES (98,'qtwoohy2p',79,'Fusce congue, diam id ornare imperdiet, sapien urna pretium nisl, ut volutpat sapien arcu sed augue. Aliquam erat volutpat. In congue. Etiam justo. Etiam pretium iaculis justo. In hac habitasse platea dictumst. Etiam faucibus cursus urna. Ut tellus. Nulla ut erat id mauris vulputate elementum. Nullam varius.');
INSERT INTO comment(id,username,post_id,comment_content) VALUES (99,'gfarloe2q',38,'Vestibulum ante ipsum primis in faucibus orci luctus et ultrices posuere cubilia Curae; Donec pharetra, magna vestibulum aliquet ultrices, erat tortor sollicitudin mi, sit amet lobortis sapien sapien non mi. Integer ac neque. Duis bibendum. Morbi non quam nec dui luctus rutrum.');
INSERT INTO comment(id,username,post_id,comment_content) VALUES (100,'fjessop2r',49,'Nulla mollis molestie lorem. Quisque ut erat. Curabitur gravida nisi at nibh. In hac habitasse platea dictumst. Aliquam augue quam, sollicitudin vitae, consectetuer eget, rutrum at, lorem.');
INSERT INTO comment(id,username,post_id,comment_content) VALUES (101,'rpettwood2s',2,'Morbi non lectus. Aliquam sit amet diam in magna bibendum imperdiet. Nullam orci pede, venenatis non, sodales sed, tincidunt eu, felis. Fusce posuere felis sed lacus. Morbi sem mauris, laoreet ut, rhoncus aliquet, pulvinar sed, nisl.');
INSERT INTO comment(id,username,post_id,comment_content) VALUES (102,'arallings2t',121,'Praesent blandit. Nam nulla. Integer pede justo, lacinia eget, tincidunt eget, tempus vel, pede. Morbi porttitor lorem id ligula. Suspendisse ornare consequat lectus. In est risus, auctor sed, tristique in, tempus sit amet, sem. Fusce consequat. Nulla nisl.');
INSERT INTO comment(id,username,post_id,comment_content) VALUES (103,'radamiak2u',53,'Nulla facilisi. Cras non velit nec nisi vulputate nonummy. Maecenas tincidunt lacus at velit. Vivamus vel nulla eget eros elementum pellentesque. Quisque porta volutpat erat. Quisque erat eros, viverra eget, congue eget, semper rutrum, nulla. Nunc purus. Phasellus in felis. Donec semper sapien a libero.');
INSERT INTO comment(id,username,post_id,comment_content) VALUES (104,'glansbury2v',117,'Fusce consequat. Nulla nisl. Nunc nisl. Duis bibendum, felis sed interdum venenatis, turpis enim blandit mi, in porttitor pede justo eu massa. Donec dapibus. Duis at velit eu est congue elementum. In hac habitasse platea dictumst. Morbi vestibulum, velit id pretium iaculis, diam erat fermentum justo, nec condimentum neque sapien placerat ante. Nulla justo.');
INSERT INTO comment(id,username,post_id,comment_content) VALUES (105,'kattwood2w',50,'Nulla nisl. Nunc nisl. Duis bibendum, felis sed interdum venenatis, turpis enim blandit mi, in porttitor pede justo eu massa. Donec dapibus.');
INSERT INTO comment(id,username,post_id,comment_content) VALUES (106,'eernke2x',128,'Morbi sem mauris, laoreet ut, rhoncus aliquet, pulvinar sed, nisl. Nunc rhoncus dui vel sem. Sed sagittis. Nam congue, risus semper porta volutpat, quam pede lobortis ligula, sit amet eleifend pede libero quis orci. Nullam molestie nibh in lectus. Pellentesque at nulla. Suspendisse potenti. Cras in purus eu magna vulputate luctus.');
INSERT INTO comment(id,username,post_id,comment_content) VALUES (107,'icheale2y',34,'In congue. Etiam justo. Etiam pretium iaculis justo. In hac habitasse platea dictumst. Etiam faucibus cursus urna. Ut tellus. Nulla ut erat id mauris vulputate elementum. Nullam varius. Nulla facilisi. Cras non velit nec nisi vulputate nonummy.');
INSERT INTO comment(id,username,post_id,comment_content) VALUES (108,'cgarioch2z',95,'In quis justo. Maecenas rhoncus aliquam lacus. Morbi quis tortor id nulla ultrices aliquet. Maecenas leo odio, condimentum id, luctus nec, molestie sed, justo. Pellentesque viverra pede ac diam. Cras pellentesque volutpat dui. Maecenas tristique, est et tempus semper, est quam pharetra magna, ac consequat metus sapien ut nunc. Vestibulum ante ipsum primis in faucibus orci luctus et ultrices posuere cubilia Curae; Mauris viverra diam vitae quam. Suspendisse potenti. Nullam porttitor lacus at turpis.');
INSERT INTO comment(id,username,post_id,comment_content) VALUES (109,'mgoodright30',106,'Mauris ullamcorper purus sit amet nulla.');
INSERT INTO comment(id,username,post_id,comment_content) VALUES (110,'trosetti31',94,'In congue. Etiam justo. Etiam pretium iaculis justo. In hac habitasse platea dictumst. Etiam faucibus cursus urna. Ut tellus. Nulla ut erat id mauris vulputate elementum.');
INSERT INTO comment(id,username,post_id,comment_content) VALUES (111,'fcalifornia32',88,'Nulla nisl. Nunc nisl. Duis bibendum, felis sed interdum venenatis, turpis enim blandit mi, in porttitor pede justo eu massa.');
INSERT INTO comment(id,username,post_id,comment_content) VALUES (112,'adurn33',126,'Donec diam neque, vestibulum eget, vulputate ut, ultrices vel, augue. Vestibulum ante ipsum primis in faucibus orci luctus et ultrices posuere cubilia Curae; Donec pharetra, magna vestibulum aliquet ultrices, erat tortor sollicitudin mi, sit amet lobortis sapien sapien non mi. Integer ac neque. Duis bibendum.');
INSERT INTO comment(id,username,post_id,comment_content) VALUES (113,'shourston34',61,'Aliquam non mauris. Morbi non lectus. Aliquam sit amet diam in magna bibendum imperdiet. Nullam orci pede, venenatis non, sodales sed, tincidunt eu, felis. Fusce posuere felis sed lacus. Morbi sem mauris, laoreet ut, rhoncus aliquet, pulvinar sed, nisl. Nunc rhoncus dui vel sem. Sed sagittis. Nam congue, risus semper porta volutpat, quam pede lobortis ligula, sit amet eleifend pede libero quis orci.');
INSERT INTO comment(id,username,post_id,comment_content) VALUES (114,'bmulvihill35',140,'Donec posuere metus vitae ipsum. Aliquam non mauris. Morbi non lectus. Aliquam sit amet diam in magna bibendum imperdiet. Nullam orci pede, venenatis non, sodales sed, tincidunt eu, felis.');
INSERT INTO comment(id,username,post_id,comment_content) VALUES (115,'nblindmann36',126,'Vestibulum rutrum rutrum neque. Aenean auctor gravida sem. Praesent id massa id nisl venenatis lacinia.');
INSERT INTO comment(id,username,post_id,comment_content) VALUES (116,'dharper37',144,'Nulla tellus. In sagittis dui vel nisl. Duis ac nibh. Fusce lacus purus, aliquet at, feugiat non, pretium quis, lectus. Suspendisse potenti. In eleifend quam a odio. In hac habitasse platea dictumst. Maecenas ut massa quis augue luctus tincidunt. Nulla mollis molestie lorem.');
INSERT INTO comment(id,username,post_id,comment_content) VALUES (117,'omettrick38',49,'Proin eu mi. Nulla ac enim. In tempor, turpis nec euismod scelerisque, quam turpis adipiscing lorem, vitae mattis nibh ligula nec sem. Duis aliquam convallis nunc. Proin at turpis a pede posuere nonummy.');
INSERT INTO comment(id,username,post_id,comment_content) VALUES (118,'sroony39',6,'Morbi porttitor lorem id ligula.');
INSERT INTO comment(id,username,post_id,comment_content) VALUES (119,'mhandrik3a',136,'In est risus, auctor sed, tristique in, tempus sit amet, sem. Fusce consequat. Nulla nisl.');
INSERT INTO comment(id,username,post_id,comment_content) VALUES (120,'rteasey3b',48,'Nam nulla.');
INSERT INTO comment(id,username,post_id,comment_content) VALUES (121,'srelf3c',62,'Morbi ut odio. Cras mi pede, malesuada in, imperdiet et, commodo vulputate, justo. In blandit ultrices enim. Lorem ipsum dolor sit amet, consectetuer adipiscing elit. Proin interdum mauris non ligula pellentesque ultrices.');
INSERT INTO comment(id,username,post_id,comment_content) VALUES (122,'ibenthall3d',90,'Sed ante. Vivamus tortor. Duis mattis egestas metus. Aenean fermentum. Donec ut mauris eget massa tempor convallis. Nulla neque libero, convallis eget, eleifend luctus, ultricies eu, nibh. Quisque id justo sit amet sapien dignissim vestibulum. Vestibulum ante ipsum primis in faucibus orci luctus et ultrices posuere cubilia Curae; Nulla dapibus dolor vel est.');
INSERT INTO comment(id,username,post_id,comment_content) VALUES (123,'jcornner3e',74,'Phasellus sit amet erat.');
INSERT INTO comment(id,username,post_id,comment_content) VALUES (124,'abiaggioli3f',9,'Aliquam quis turpis eget elit sodales scelerisque. Mauris sit amet eros. Suspendisse accumsan tortor quis turpis. Sed ante. Vivamus tortor. Duis mattis egestas metus. Aenean fermentum.');
INSERT INTO comment(id,username,post_id,comment_content) VALUES (125,'jmathiassen3g',128,'Mauris ullamcorper purus sit amet nulla.');
INSERT INTO comment(id,username,post_id,comment_content) VALUES (126,'bhuff3h',88,'Nullam orci pede, venenatis non, sodales sed, tincidunt eu, felis. Fusce posuere felis sed lacus. Morbi sem mauris, laoreet ut, rhoncus aliquet, pulvinar sed, nisl. Nunc rhoncus dui vel sem. Sed sagittis. Nam congue, risus semper porta volutpat, quam pede lobortis ligula, sit amet eleifend pede libero quis orci.');
INSERT INTO comment(id,username,post_id,comment_content) VALUES (127,'dokeaveny3i',118,'In blandit ultrices enim. Lorem ipsum dolor sit amet, consectetuer adipiscing elit. Proin interdum mauris non ligula pellentesque ultrices. Phasellus id sapien in sapien iaculis congue.');
INSERT INTO comment(id,username,post_id,comment_content) VALUES (128,'jpizzey3j',117,'Duis consequat dui nec nisi volutpat eleifend. Donec ut dolor.');
INSERT INTO comment(id,username,post_id,comment_content) VALUES (129,'cmabe3k',34,'Praesent blandit. Nam nulla. Integer pede justo, lacinia eget, tincidunt eget, tempus vel, pede. Morbi porttitor lorem id ligula. Suspendisse ornare consequat lectus. In est risus, auctor sed, tristique in, tempus sit amet, sem. Fusce consequat. Nulla nisl. Nunc nisl.');
INSERT INTO comment(id,username,post_id,comment_content) VALUES (130,'kshucksmith3l',84,'Morbi porttitor lorem id ligula. Suspendisse ornare consequat lectus. In est risus, auctor sed, tristique in, tempus sit amet, sem. Fusce consequat. Nulla nisl. Nunc nisl.');
INSERT INTO comment(id,username,post_id,comment_content) VALUES (131,'rscarbarrow3m',67,'Aliquam sit amet diam in magna bibendum imperdiet. Nullam orci pede, venenatis non, sodales sed, tincidunt eu, felis. Fusce posuere felis sed lacus. Morbi sem mauris, laoreet ut, rhoncus aliquet, pulvinar sed, nisl. Nunc rhoncus dui vel sem. Sed sagittis. Nam congue, risus semper porta volutpat, quam pede lobortis ligula, sit amet eleifend pede libero quis orci.');
INSERT INTO comment(id,username,post_id,comment_content) VALUES (132,'gmissington3n',139,'Proin leo odio, porttitor id, consequat in, consequat ut, nulla. Sed accumsan felis. Ut at dolor quis odio consequat varius. Integer ac leo. Pellentesque ultrices mattis odio. Donec vitae nisi. Nam ultrices, libero non mattis pulvinar, nulla pede ullamcorper augue, a suscipit nulla elit ac nulla. Sed vel enim sit amet nunc viverra dapibus. Nulla suscipit ligula in lacus.');
INSERT INTO comment(id,username,post_id,comment_content) VALUES (133,'eiacabucci3o',124,'Mauris lacinia sapien quis libero. Nullam sit amet turpis elementum ligula vehicula consequat. Morbi a ipsum. Integer a nibh. In quis justo.');
INSERT INTO comment(id,username,post_id,comment_content) VALUES (134,'emeffin3p',59,'Cras pellentesque volutpat dui. Maecenas tristique, est et tempus semper, est quam pharetra magna, ac consequat metus sapien ut nunc. Vestibulum ante ipsum primis in faucibus orci luctus et ultrices posuere cubilia Curae; Mauris viverra diam vitae quam. Suspendisse potenti. Nullam porttitor lacus at turpis. Donec posuere metus vitae ipsum. Aliquam non mauris.');
INSERT INTO comment(id,username,post_id,comment_content) VALUES (135,'smeneer3q',133,'Nam congue, risus semper porta volutpat, quam pede lobortis ligula, sit amet eleifend pede libero quis orci. Nullam molestie nibh in lectus. Pellentesque at nulla. Suspendisse potenti.');
INSERT INTO comment(id,username,post_id,comment_content) VALUES (136,'agwin3r',91,'Nam dui. Proin leo odio, porttitor id, consequat in, consequat ut, nulla. Sed accumsan felis. Ut at dolor quis odio consequat varius. Integer ac leo. Pellentesque ultrices mattis odio. Donec vitae nisi.');
INSERT INTO comment(id,username,post_id,comment_content) VALUES (137,'shurdidge3s',147,'Cum sociis natoque penatibus et magnis dis parturient montes, nascetur ridiculus mus. Vivamus vestibulum sagittis sapien. Cum sociis natoque penatibus et magnis dis parturient montes, nascetur ridiculus mus. Etiam vel augue. Vestibulum rutrum rutrum neque. Aenean auctor gravida sem.');
INSERT INTO comment(id,username,post_id,comment_content) VALUES (138,'kbaiss3t',60,'Cras in purus eu magna vulputate luctus. Cum sociis natoque penatibus et magnis dis parturient montes, nascetur ridiculus mus.');
INSERT INTO comment(id,username,post_id,comment_content) VALUES (139,'ksamworth3u',100,'Integer ac neque. Duis bibendum. Morbi non quam nec dui luctus rutrum. Nulla tellus. In sagittis dui vel nisl. Duis ac nibh. Fusce lacus purus, aliquet at, feugiat non, pretium quis, lectus. Suspendisse potenti. In eleifend quam a odio. In hac habitasse platea dictumst.');
INSERT INTO comment(id,username,post_id,comment_content) VALUES (140,'hadam3v',36,'Nulla nisl.');
INSERT INTO comment(id,username,post_id,comment_content) VALUES (141,'jmacrory3w',123,'Morbi sem mauris, laoreet ut, rhoncus aliquet, pulvinar sed, nisl. Nunc rhoncus dui vel sem. Sed sagittis. Nam congue, risus semper porta volutpat, quam pede lobortis ligula, sit amet eleifend pede libero quis orci. Nullam molestie nibh in lectus.');
INSERT INTO comment(id,username,post_id,comment_content) VALUES (142,'cshorey3x',109,'Pellentesque viverra pede ac diam. Cras pellentesque volutpat dui. Maecenas tristique, est et tempus semper, est quam pharetra magna, ac consequat metus sapien ut nunc.');
INSERT INTO comment(id,username,post_id,comment_content) VALUES (143,'shill3y',17,'Integer a nibh. In quis justo. Maecenas rhoncus aliquam lacus.');
INSERT INTO comment(id,username,post_id,comment_content) VALUES (144,'eeyres3z',16,'In congue.');
INSERT INTO comment(id,username,post_id,comment_content) VALUES (145,'dcoveney40',71,'Cras mi pede, malesuada in, imperdiet et, commodo vulputate, justo. In blandit ultrices enim. Lorem ipsum dolor sit amet, consectetuer adipiscing elit. Proin interdum mauris non ligula pellentesque ultrices. Phasellus id sapien in sapien iaculis congue. Vivamus metus arcu, adipiscing molestie, hendrerit at, vulputate vitae, nisl. Aenean lectus. Pellentesque eget nunc.');
INSERT INTO comment(id,username,post_id,comment_content) VALUES (146,'eeixenberger41',103,'Mauris lacinia sapien quis libero. Nullam sit amet turpis elementum ligula vehicula consequat.');
INSERT INTO comment(id,username,post_id,comment_content) VALUES (147,'wnerval42',83,'Cum sociis natoque penatibus et magnis dis parturient montes, nascetur ridiculus mus.');
INSERT INTO comment(id,username,post_id,comment_content) VALUES (148,'csimony43',5,'Aenean fermentum. Donec ut mauris eget massa tempor convallis. Nulla neque libero, convallis eget, eleifend luctus, ultricies eu, nibh. Quisque id justo sit amet sapien dignissim vestibulum. Vestibulum ante ipsum primis in faucibus orci luctus et ultrices posuere cubilia Curae; Nulla dapibus dolor vel est. Donec odio justo, sollicitudin ut, suscipit a, feugiat et, eros. Vestibulum ac est lacinia nisi venenatis tristique.');
INSERT INTO comment(id,username,post_id,comment_content) VALUES (149,'cvillage44',127,'Integer ac neque. Duis bibendum. Morbi non quam nec dui luctus rutrum. Nulla tellus. In sagittis dui vel nisl. Duis ac nibh. Fusce lacus purus, aliquet at, feugiat non, pretium quis, lectus.');
INSERT INTO comment(id,username,post_id,comment_content) VALUES (150,'cdjekic45',70,'Vivamus metus arcu, adipiscing molestie, hendrerit at, vulputate vitae, nisl. Aenean lectus. Pellentesque eget nunc. Donec quis orci eget orci vehicula condimentum. Curabitur in libero ut massa volutpat convallis.');
INSERT INTO comment(id,username,post_id,comment_content) VALUES (151,'kgahan46',99,'Ut tellus.');
INSERT INTO comment(id,username,post_id,comment_content) VALUES (152,'udixie47',75,'Duis bibendum, felis sed interdum venenatis, turpis enim blandit mi, in porttitor pede justo eu massa. Donec dapibus. Duis at velit eu est congue elementum. In hac habitasse platea dictumst. Morbi vestibulum, velit id pretium iaculis, diam erat fermentum justo, nec condimentum neque sapien placerat ante. Nulla justo. Aliquam quis turpis eget elit sodales scelerisque.');
INSERT INTO comment(id,username,post_id,comment_content) VALUES (153,'enecrews48',21,'Maecenas tincidunt lacus at velit.');
INSERT INTO comment(id,username,post_id,comment_content) VALUES (154,'bwiddall49',29,'Nullam porttitor lacus at turpis. Donec posuere metus vitae ipsum. Aliquam non mauris. Morbi non lectus.');
INSERT INTO comment(id,username,post_id,comment_content) VALUES (155,'ccathel4a',132,'Maecenas rhoncus aliquam lacus. Morbi quis tortor id nulla ultrices aliquet. Maecenas leo odio, condimentum id, luctus nec, molestie sed, justo. Pellentesque viverra pede ac diam. Cras pellentesque volutpat dui. Maecenas tristique, est et tempus semper, est quam pharetra magna, ac consequat metus sapien ut nunc. Vestibulum ante ipsum primis in faucibus orci luctus et ultrices posuere cubilia Curae; Mauris viverra diam vitae quam. Suspendisse potenti.');
INSERT INTO comment(id,username,post_id,comment_content) VALUES (156,'mglowach4b',97,'Sed ante. Vivamus tortor. Duis mattis egestas metus.');
INSERT INTO comment(id,username,post_id,comment_content) VALUES (157,'dknutsen4c',90,'Integer ac neque. Duis bibendum. Morbi non quam nec dui luctus rutrum. Nulla tellus. In sagittis dui vel nisl. Duis ac nibh. Fusce lacus purus, aliquet at, feugiat non, pretium quis, lectus. Suspendisse potenti. In eleifend quam a odio.');
INSERT INTO comment(id,username,post_id,comment_content) VALUES (158,'cfordyce4d',12,'In tempor, turpis nec euismod scelerisque, quam turpis adipiscing lorem, vitae mattis nibh ligula nec sem. Duis aliquam convallis nunc. Proin at turpis a pede posuere nonummy. Integer non velit. Donec diam neque, vestibulum eget, vulputate ut, ultrices vel, augue. Vestibulum ante ipsum primis in faucibus orci luctus et ultrices posuere cubilia Curae; Donec pharetra, magna vestibulum aliquet ultrices, erat tortor sollicitudin mi, sit amet lobortis sapien sapien non mi. Integer ac neque.');
INSERT INTO comment(id,username,post_id,comment_content) VALUES (159,'ltitford4e',32,'Etiam faucibus cursus urna. Ut tellus. Nulla ut erat id mauris vulputate elementum. Nullam varius.');
INSERT INTO comment(id,username,post_id,comment_content) VALUES (160,'mfrear4f',143,'Cum sociis natoque penatibus et magnis dis parturient montes, nascetur ridiculus mus. Vivamus vestibulum sagittis sapien. Cum sociis natoque penatibus et magnis dis parturient montes, nascetur ridiculus mus. Etiam vel augue. Vestibulum rutrum rutrum neque. Aenean auctor gravida sem. Praesent id massa id nisl venenatis lacinia.');
INSERT INTO comment(id,username,post_id,comment_content) VALUES (161,'ksturch4g',142,'In quis justo. Maecenas rhoncus aliquam lacus. Morbi quis tortor id nulla ultrices aliquet. Maecenas leo odio, condimentum id, luctus nec, molestie sed, justo. Pellentesque viverra pede ac diam. Cras pellentesque volutpat dui. Maecenas tristique, est et tempus semper, est quam pharetra magna, ac consequat metus sapien ut nunc. Vestibulum ante ipsum primis in faucibus orci luctus et ultrices posuere cubilia Curae; Mauris viverra diam vitae quam. Suspendisse potenti. Nullam porttitor lacus at turpis.');
INSERT INTO comment(id,username,post_id,comment_content) VALUES (162,'meddison4h',137,'Nulla suscipit ligula in lacus. Curabitur at ipsum ac tellus semper interdum. Mauris ullamcorper purus sit amet nulla.');
INSERT INTO comment(id,username,post_id,comment_content) VALUES (163,'docalleran4i',90,'Nullam porttitor lacus at turpis. Donec posuere metus vitae ipsum. Aliquam non mauris. Morbi non lectus. Aliquam sit amet diam in magna bibendum imperdiet. Nullam orci pede, venenatis non, sodales sed, tincidunt eu, felis. Fusce posuere felis sed lacus.');
INSERT INTO comment(id,username,post_id,comment_content) VALUES (164,'mreidie4j',77,'Nulla ac enim. In tempor, turpis nec euismod scelerisque, quam turpis adipiscing lorem, vitae mattis nibh ligula nec sem. Duis aliquam convallis nunc. Proin at turpis a pede posuere nonummy. Integer non velit. Donec diam neque, vestibulum eget, vulputate ut, ultrices vel, augue. Vestibulum ante ipsum primis in faucibus orci luctus et ultrices posuere cubilia Curae; Donec pharetra, magna vestibulum aliquet ultrices, erat tortor sollicitudin mi, sit amet lobortis sapien sapien non mi. Integer ac neque. Duis bibendum.');
INSERT INTO comment(id,username,post_id,comment_content) VALUES (165,'cgustus4k',130,'Suspendisse potenti. Cras in purus eu magna vulputate luctus. Cum sociis natoque penatibus et magnis dis parturient montes, nascetur ridiculus mus. Vivamus vestibulum sagittis sapien. Cum sociis natoque penatibus et magnis dis parturient montes, nascetur ridiculus mus.');
INSERT INTO comment(id,username,post_id,comment_content) VALUES (166,'ldorey4l',106,'Pellentesque viverra pede ac diam. Cras pellentesque volutpat dui. Maecenas tristique, est et tempus semper, est quam pharetra magna, ac consequat metus sapien ut nunc. Vestibulum ante ipsum primis in faucibus orci luctus et ultrices posuere cubilia Curae; Mauris viverra diam vitae quam. Suspendisse potenti.');
INSERT INTO comment(id,username,post_id,comment_content) VALUES (167,'hclother4m',19,'Morbi vestibulum, velit id pretium iaculis, diam erat fermentum justo, nec condimentum neque sapien placerat ante. Nulla justo. Aliquam quis turpis eget elit sodales scelerisque. Mauris sit amet eros. Suspendisse accumsan tortor quis turpis. Sed ante. Vivamus tortor. Duis mattis egestas metus. Aenean fermentum.');
INSERT INTO comment(id,username,post_id,comment_content) VALUES (168,'ssheer4n',96,'Vivamus metus arcu, adipiscing molestie, hendrerit at, vulputate vitae, nisl.');
INSERT INTO comment(id,username,post_id,comment_content) VALUES (169,'kplatts4o',132,'Etiam faucibus cursus urna. Ut tellus. Nulla ut erat id mauris vulputate elementum. Nullam varius.');
INSERT INTO comment(id,username,post_id,comment_content) VALUES (170,'vfotheringham4p',30,'Vestibulum ante ipsum primis in faucibus orci luctus et ultrices posuere cubilia Curae; Donec pharetra, magna vestibulum aliquet ultrices, erat tortor sollicitudin mi, sit amet lobortis sapien sapien non mi. Integer ac neque. Duis bibendum. Morbi non quam nec dui luctus rutrum.');
INSERT INTO comment(id,username,post_id,comment_content) VALUES (171,'bottee4q',113,'Cras pellentesque volutpat dui.');
INSERT INTO comment(id,username,post_id,comment_content) VALUES (172,'mlethem4r',118,'Proin at turpis a pede posuere nonummy.');
INSERT INTO comment(id,username,post_id,comment_content) VALUES (173,'gwhipple4s',11,'Cras mi pede, malesuada in, imperdiet et, commodo vulputate, justo. In blandit ultrices enim. Lorem ipsum dolor sit amet, consectetuer adipiscing elit. Proin interdum mauris non ligula pellentesque ultrices. Phasellus id sapien in sapien iaculis congue.');
INSERT INTO comment(id,username,post_id,comment_content) VALUES (174,'ndarth4t',113,'Quisque ut erat. Curabitur gravida nisi at nibh. In hac habitasse platea dictumst. Aliquam augue quam, sollicitudin vitae, consectetuer eget, rutrum at, lorem. Integer tincidunt ante vel ipsum. Praesent blandit lacinia erat. Vestibulum sed magna at nunc commodo placerat. Praesent blandit.');
INSERT INTO comment(id,username,post_id,comment_content) VALUES (175,'hmonketon4u',89,'Proin at turpis a pede posuere nonummy. Integer non velit. Donec diam neque, vestibulum eget, vulputate ut, ultrices vel, augue. Vestibulum ante ipsum primis in faucibus orci luctus et ultrices posuere cubilia Curae; Donec pharetra, magna vestibulum aliquet ultrices, erat tortor sollicitudin mi, sit amet lobortis sapien sapien non mi. Integer ac neque. Duis bibendum.');
INSERT INTO comment(id,username,post_id,comment_content) VALUES (176,'dbrou4v',41,'Morbi non lectus. Aliquam sit amet diam in magna bibendum imperdiet. Nullam orci pede, venenatis non, sodales sed, tincidunt eu, felis. Fusce posuere felis sed lacus.');
INSERT INTO comment(id,username,post_id,comment_content) VALUES (177,'rwayland4w',55,'Ut tellus. Nulla ut erat id mauris vulputate elementum. Nullam varius. Nulla facilisi. Cras non velit nec nisi vulputate nonummy. Maecenas tincidunt lacus at velit. Vivamus vel nulla eget eros elementum pellentesque. Quisque porta volutpat erat. Quisque erat eros, viverra eget, congue eget, semper rutrum, nulla.');
INSERT INTO comment(id,username,post_id,comment_content) VALUES (178,'bdirkin4x',104,'Suspendisse accumsan tortor quis turpis. Sed ante.');
INSERT INTO comment(id,username,post_id,comment_content) VALUES (179,'ksiflet4y',69,'Proin interdum mauris non ligula pellentesque ultrices. Phasellus id sapien in sapien iaculis congue.');
INSERT INTO comment(id,username,post_id,comment_content) VALUES (180,'cjennison4z',74,'Phasellus sit amet erat. Nulla tempus.');
INSERT INTO comment(id,username,post_id,comment_content) VALUES (181,'lmeadowcraft50',25,'Aliquam erat volutpat.');
INSERT INTO comment(id,username,post_id,comment_content) VALUES (182,'podonohue51',108,'Sed sagittis. Nam congue, risus semper porta volutpat, quam pede lobortis ligula, sit amet eleifend pede libero quis orci.');
INSERT INTO comment(id,username,post_id,comment_content) VALUES (183,'ltenaunt52',61,'Vestibulum ante ipsum primis in faucibus orci luctus et ultrices posuere cubilia Curae; Donec pharetra, magna vestibulum aliquet ultrices, erat tortor sollicitudin mi, sit amet lobortis sapien sapien non mi.');
INSERT INTO comment(id,username,post_id,comment_content) VALUES (184,'hbrunke53',65,'In hac habitasse platea dictumst. Maecenas ut massa quis augue luctus tincidunt. Nulla mollis molestie lorem. Quisque ut erat. Curabitur gravida nisi at nibh.');
INSERT INTO comment(id,username,post_id,comment_content) VALUES (185,'lmileham54',116,'Donec vitae nisi.');
INSERT INTO comment(id,username,post_id,comment_content) VALUES (186,'tgatiss55',128,'Nulla neque libero, convallis eget, eleifend luctus, ultricies eu, nibh. Quisque id justo sit amet sapien dignissim vestibulum. Vestibulum ante ipsum primis in faucibus orci luctus et ultrices posuere cubilia Curae; Nulla dapibus dolor vel est. Donec odio justo, sollicitudin ut, suscipit a, feugiat et, eros. Vestibulum ac est lacinia nisi venenatis tristique. Fusce congue, diam id ornare imperdiet, sapien urna pretium nisl, ut volutpat sapien arcu sed augue. Aliquam erat volutpat.');
INSERT INTO comment(id,username,post_id,comment_content) VALUES (187,'bmcgow56',106,'Donec dapibus. Duis at velit eu est congue elementum. In hac habitasse platea dictumst. Morbi vestibulum, velit id pretium iaculis, diam erat fermentum justo, nec condimentum neque sapien placerat ante. Nulla justo. Aliquam quis turpis eget elit sodales scelerisque. Mauris sit amet eros. Suspendisse accumsan tortor quis turpis.');
INSERT INTO comment(id,username,post_id,comment_content) VALUES (188,'jkamenar57',141,'Lorem ipsum dolor sit amet, consectetuer adipiscing elit. Proin interdum mauris non ligula pellentesque ultrices. Phasellus id sapien in sapien iaculis congue.');
INSERT INTO comment(id,username,post_id,comment_content) VALUES (189,'abulluck58',39,'Proin at turpis a pede posuere nonummy. Integer non velit. Donec diam neque, vestibulum eget, vulputate ut, ultrices vel, augue.');
INSERT INTO comment(id,username,post_id,comment_content) VALUES (190,'bbattisson59',133,'Nulla neque libero, convallis eget, eleifend luctus, ultricies eu, nibh. Quisque id justo sit amet sapien dignissim vestibulum. Vestibulum ante ipsum primis in faucibus orci luctus et ultrices posuere cubilia Curae; Nulla dapibus dolor vel est. Donec odio justo, sollicitudin ut, suscipit a, feugiat et, eros. Vestibulum ac est lacinia nisi venenatis tristique. Fusce congue, diam id ornare imperdiet, sapien urna pretium nisl, ut volutpat sapien arcu sed augue. Aliquam erat volutpat. In congue.');
INSERT INTO comment(id,username,post_id,comment_content) VALUES (191,'wofogerty5a',47,'Morbi ut odio. Cras mi pede, malesuada in, imperdiet et, commodo vulputate, justo. In blandit ultrices enim. Lorem ipsum dolor sit amet, consectetuer adipiscing elit. Proin interdum mauris non ligula pellentesque ultrices.');
INSERT INTO comment(id,username,post_id,comment_content) VALUES (192,'jpeffer5b',47,'Morbi odio odio, elementum eu, interdum eu, tincidunt in, leo. Maecenas pulvinar lobortis est. Phasellus sit amet erat. Nulla tempus. Vivamus in felis eu sapien cursus vestibulum. Proin eu mi.');
INSERT INTO comment(id,username,post_id,comment_content) VALUES (193,'dsheehan5c',149,'Nam nulla.');
INSERT INTO comment(id,username,post_id,comment_content) VALUES (194,'abastistini5d',106,'Morbi vestibulum, velit id pretium iaculis, diam erat fermentum justo, nec condimentum neque sapien placerat ante.');
INSERT INTO comment(id,username,post_id,comment_content) VALUES (195,'jreinhard5e',55,'Integer tincidunt ante vel ipsum. Praesent blandit lacinia erat. Vestibulum sed magna at nunc commodo placerat. Praesent blandit. Nam nulla. Integer pede justo, lacinia eget, tincidunt eget, tempus vel, pede. Morbi porttitor lorem id ligula.');
INSERT INTO comment(id,username,post_id,comment_content) VALUES (196,'aferguson5f',40,'Vestibulum ante ipsum primis in faucibus orci luctus et ultrices posuere cubilia Curae; Donec pharetra, magna vestibulum aliquet ultrices, erat tortor sollicitudin mi, sit amet lobortis sapien sapien non mi.');
INSERT INTO comment(id,username,post_id,comment_content) VALUES (197,'pseater5g',43,'Duis consequat dui nec nisi volutpat eleifend. Donec ut dolor. Morbi vel lectus in quam fringilla rhoncus. Mauris enim leo, rhoncus sed, vestibulum sit amet, cursus id, turpis. Integer aliquet, massa id lobortis convallis, tortor risus dapibus augue, vel accumsan tellus nisi eu orci. Mauris lacinia sapien quis libero. Nullam sit amet turpis elementum ligula vehicula consequat. Morbi a ipsum. Integer a nibh. In quis justo.');
INSERT INTO comment(id,username,post_id,comment_content) VALUES (198,'gcoffey5h',74,'Vestibulum ac est lacinia nisi venenatis tristique. Fusce congue, diam id ornare imperdiet, sapien urna pretium nisl, ut volutpat sapien arcu sed augue. Aliquam erat volutpat. In congue. Etiam justo.');
INSERT INTO comment(id,username,post_id,comment_content) VALUES (199,'nglaister5i',3,'Morbi a ipsum. Integer a nibh. In quis justo. Maecenas rhoncus aliquam lacus. Morbi quis tortor id nulla ultrices aliquet. Maecenas leo odio, condimentum id, luctus nec, molestie sed, justo. Pellentesque viverra pede ac diam.');
INSERT INTO comment(id,username,post_id,comment_content) VALUES (200,'ltowlson5j',116,'Fusce consequat. Nulla nisl.');


-- post_author inserts
INSERT INTO post_author(post_id,author_id) VALUES (15,2);
INSERT INTO post_author(post_id,author_id) VALUES (88,173);
INSERT INTO post_author(post_id,author_id) VALUES (129,115);
INSERT INTO post_author(post_id,author_id) VALUES (89,70);
INSERT INTO post_author(post_id,author_id) VALUES (30,35);
INSERT INTO post_author(post_id,author_id) VALUES (14,32);
INSERT INTO post_author(post_id,author_id) VALUES (35,176);
INSERT INTO post_author(post_id,author_id) VALUES (95,93);
INSERT INTO post_author(post_id,author_id) VALUES (145,118);
INSERT INTO post_author(post_id,author_id) VALUES (3,109);
INSERT INTO post_author(post_id,author_id) VALUES (42,33);
INSERT INTO post_author(post_id,author_id) VALUES (46,51);
INSERT INTO post_author(post_id,author_id) VALUES (93,3);
INSERT INTO post_author(post_id,author_id) VALUES (89,99);
INSERT INTO post_author(post_id,author_id) VALUES (2,178);
INSERT INTO post_author(post_id,author_id) VALUES (7,65);
INSERT INTO post_author(post_id,author_id) VALUES (66,81);
INSERT INTO post_author(post_id,author_id) VALUES (27,7);
INSERT INTO post_author(post_id,author_id) VALUES (55,25);
INSERT INTO post_author(post_id,author_id) VALUES (5,119);
INSERT INTO post_author(post_id,author_id) VALUES (45,129);
INSERT INTO post_author(post_id,author_id) VALUES (25,46);
INSERT INTO post_author(post_id,author_id) VALUES (36,113);
INSERT INTO post_author(post_id,author_id) VALUES (49,31);
INSERT INTO post_author(post_id,author_id) VALUES (66,3);
INSERT INTO post_author(post_id,author_id) VALUES (6,72);
INSERT INTO post_author(post_id,author_id) VALUES (20,74);
INSERT INTO post_author(post_id,author_id) VALUES (108,17);
INSERT INTO post_author(post_id,author_id) VALUES (56,10);
INSERT INTO post_author(post_id,author_id) VALUES (136,3);
INSERT INTO post_author(post_id,author_id) VALUES (83,80);
INSERT INTO post_author(post_id,author_id) VALUES (140,124);
INSERT INTO post_author(post_id,author_id) VALUES (5,80);
INSERT INTO post_author(post_id,author_id) VALUES (9,1);
INSERT INTO post_author(post_id,author_id) VALUES (127,187);
INSERT INTO post_author(post_id,author_id) VALUES (16,126);
INSERT INTO post_author(post_id,author_id) VALUES (138,136);
INSERT INTO post_author(post_id,author_id) VALUES (111,142);
INSERT INTO post_author(post_id,author_id) VALUES (35,118);
INSERT INTO post_author(post_id,author_id) VALUES (143,187);
INSERT INTO post_author(post_id,author_id) VALUES (146,139);
INSERT INTO post_author(post_id,author_id) VALUES (137,121);
INSERT INTO post_author(post_id,author_id) VALUES (62,120);
INSERT INTO post_author(post_id,author_id) VALUES (80,164);
INSERT INTO post_author(post_id,author_id) VALUES (11,78);
INSERT INTO post_author(post_id,author_id) VALUES (65,110);
INSERT INTO post_author(post_id,author_id) VALUES (8,174);
INSERT INTO post_author(post_id,author_id) VALUES (8,82);
INSERT INTO post_author(post_id,author_id) VALUES (29,40);
INSERT INTO post_author(post_id,author_id) VALUES (58,119);
INSERT INTO post_author(post_id,author_id) VALUES (128,192);
INSERT INTO post_author(post_id,author_id) VALUES (82,55);
INSERT INTO post_author(post_id,author_id) VALUES (142,177);
INSERT INTO post_author(post_id,author_id) VALUES (14,108);
INSERT INTO post_author(post_id,author_id) VALUES (30,88);
INSERT INTO post_author(post_id,author_id) VALUES (23,135);
INSERT INTO post_author(post_id,author_id) VALUES (105,99);
INSERT INTO post_author(post_id,author_id) VALUES (2,139);
INSERT INTO post_author(post_id,author_id) VALUES (26,53);
INSERT INTO post_author(post_id,author_id) VALUES (91,18);
INSERT INTO post_author(post_id,author_id) VALUES (139,193);
INSERT INTO post_author(post_id,author_id) VALUES (101,41);
INSERT INTO post_author(post_id,author_id) VALUES (59,11);
INSERT INTO post_author(post_id,author_id) VALUES (26,96);
INSERT INTO post_author(post_id,author_id) VALUES (105,178);
INSERT INTO post_author(post_id,author_id) VALUES (98,172);
INSERT INTO post_author(post_id,author_id) VALUES (12,62);
INSERT INTO post_author(post_id,author_id) VALUES (142,56);
INSERT INTO post_author(post_id,author_id) VALUES (105,23);
INSERT INTO post_author(post_id,author_id) VALUES (2,187);
INSERT INTO post_author(post_id,author_id) VALUES (102,192);
INSERT INTO post_author(post_id,author_id) VALUES (3,146);
INSERT INTO post_author(post_id,author_id) VALUES (17,37);
INSERT INTO post_author(post_id,author_id) VALUES (6,140);
INSERT INTO post_author(post_id,author_id) VALUES (30,68);
INSERT INTO post_author(post_id,author_id) VALUES (82,97);
INSERT INTO post_author(post_id,author_id) VALUES (65,66);
INSERT INTO post_author(post_id,author_id) VALUES (99,61);
INSERT INTO post_author(post_id,author_id) VALUES (62,57);
INSERT INTO post_author(post_id,author_id) VALUES (86,79);
INSERT INTO post_author(post_id,author_id) VALUES (82,184);
INSERT INTO post_author(post_id,author_id) VALUES (146,175);
INSERT INTO post_author(post_id,author_id) VALUES (73,109);
INSERT INTO post_author(post_id,author_id) VALUES (67,8);
INSERT INTO post_author(post_id,author_id) VALUES (109,7);
INSERT INTO post_author(post_id,author_id) VALUES (36,173);
INSERT INTO post_author(post_id,author_id) VALUES (54,64);
INSERT INTO post_author(post_id,author_id) VALUES (33,2);
INSERT INTO post_author(post_id,author_id) VALUES (10,185);
INSERT INTO post_author(post_id,author_id) VALUES (120,24);
INSERT INTO post_author(post_id,author_id) VALUES (94,2);
INSERT INTO post_author(post_id,author_id) VALUES (67,52);
INSERT INTO post_author(post_id,author_id) VALUES (93,111);
INSERT INTO post_author(post_id,author_id) VALUES (44,79);
INSERT INTO post_author(post_id,author_id) VALUES (26,110);
INSERT INTO post_author(post_id,author_id) VALUES (149,92);
INSERT INTO post_author(post_id,author_id) VALUES (43,5);
INSERT INTO post_author(post_id,author_id) VALUES (148,194);
INSERT INTO post_author(post_id,author_id) VALUES (30,126);
INSERT INTO post_author(post_id,author_id) VALUES (110,72);
INSERT INTO post_author(post_id,author_id) VALUES (141,136);
INSERT INTO post_author(post_id,author_id) VALUES (62,77);
INSERT INTO post_author(post_id,author_id) VALUES (3,195);
INSERT INTO post_author(post_id,author_id) VALUES (9,135);
INSERT INTO post_author(post_id,author_id) VALUES (58,17);
INSERT INTO post_author(post_id,author_id) VALUES (100,96);
INSERT INTO post_author(post_id,author_id) VALUES (46,119);
INSERT INTO post_author(post_id,author_id) VALUES (76,189);
INSERT INTO post_author(post_id,author_id) VALUES (31,93);
INSERT INTO post_author(post_id,author_id) VALUES (111,167);
INSERT INTO post_author(post_id,author_id) VALUES (129,92);
INSERT INTO post_author(post_id,author_id) VALUES (70,87);
INSERT INTO post_author(post_id,author_id) VALUES (83,16);
INSERT INTO post_author(post_id,author_id) VALUES (31,187);
INSERT INTO post_author(post_id,author_id) VALUES (134,146);
INSERT INTO post_author(post_id,author_id) VALUES (73,41);
INSERT INTO post_author(post_id,author_id) VALUES (2,35);
INSERT INTO post_author(post_id,author_id) VALUES (63,141);
INSERT INTO post_author(post_id,author_id) VALUES (12,87);
INSERT INTO post_author(post_id,author_id) VALUES (123,107);
INSERT INTO post_author(post_id,author_id) VALUES (78,14);
INSERT INTO post_author(post_id,author_id) VALUES (35,181);
INSERT INTO post_author(post_id,author_id) VALUES (129,6);
INSERT INTO post_author(post_id,author_id) VALUES (14,161);
INSERT INTO post_author(post_id,author_id) VALUES (47,114);
INSERT INTO post_author(post_id,author_id) VALUES (79,65);
INSERT INTO post_author(post_id,author_id) VALUES (52,117);
INSERT INTO post_author(post_id,author_id) VALUES (72,134);
INSERT INTO post_author(post_id,author_id) VALUES (110,181);
INSERT INTO post_author(post_id,author_id) VALUES (54,156);
INSERT INTO post_author(post_id,author_id) VALUES (82,105);
INSERT INTO post_author(post_id,author_id) VALUES (55,28);
INSERT INTO post_author(post_id,author_id) VALUES (96,9);
INSERT INTO post_author(post_id,author_id) VALUES (76,155);
INSERT INTO post_author(post_id,author_id) VALUES (66,144);
INSERT INTO post_author(post_id,author_id) VALUES (98,181);
INSERT INTO post_author(post_id,author_id) VALUES (32,103);
INSERT INTO post_author(post_id,author_id) VALUES (5,99);
INSERT INTO post_author(post_id,author_id) VALUES (7,146);
INSERT INTO post_author(post_id,author_id) VALUES (19,166);
INSERT INTO post_author(post_id,author_id) VALUES (133,87);
INSERT INTO post_author(post_id,author_id) VALUES (67,184);
INSERT INTO post_author(post_id,author_id) VALUES (45,131);
INSERT INTO post_author(post_id,author_id) VALUES (114,99);
INSERT INTO post_author(post_id,author_id) VALUES (117,148);
INSERT INTO post_author(post_id,author_id) VALUES (15,170);
INSERT INTO post_author(post_id,author_id) VALUES (79,21);
INSERT INTO post_author(post_id,author_id) VALUES (147,179);
INSERT INTO post_author(post_id,author_id) VALUES (13,49);
INSERT INTO post_author(post_id,author_id) VALUES (136,101);
INSERT INTO post_author(post_id,author_id) VALUES (91,85);
INSERT INTO post_author(post_id,author_id) VALUES (12,57);
INSERT INTO post_author(post_id,author_id) VALUES (130,119);
INSERT INTO post_author(post_id,author_id) VALUES (135,135);
INSERT INTO post_author(post_id,author_id) VALUES (25,126);
INSERT INTO post_author(post_id,author_id) VALUES (9,47);
INSERT INTO post_author(post_id,author_id) VALUES (122,10);
INSERT INTO post_author(post_id,author_id) VALUES (103,182);
INSERT INTO post_author(post_id,author_id) VALUES (96,85);
INSERT INTO post_author(post_id,author_id) VALUES (39,165);
INSERT INTO post_author(post_id,author_id) VALUES (27,145);
INSERT INTO post_author(post_id,author_id) VALUES (120,11);
INSERT INTO post_author(post_id,author_id) VALUES (41,26);
INSERT INTO post_author(post_id,author_id) VALUES (71,149);
INSERT INTO post_author(post_id,author_id) VALUES (141,145);
INSERT INTO post_author(post_id,author_id) VALUES (19,197);
INSERT INTO post_author(post_id,author_id) VALUES (128,174);
INSERT INTO post_author(post_id,author_id) VALUES (140,25);
INSERT INTO post_author(post_id,author_id) VALUES (32,68);
INSERT INTO post_author(post_id,author_id) VALUES (29,103);
INSERT INTO post_author(post_id,author_id) VALUES (122,3);
INSERT INTO post_author(post_id,author_id) VALUES (99,160);
INSERT INTO post_author(post_id,author_id) VALUES (57,132);
INSERT INTO post_author(post_id,author_id) VALUES (40,5);
INSERT INTO post_author(post_id,author_id) VALUES (28,43);
INSERT INTO post_author(post_id,author_id) VALUES (27,154);
INSERT INTO post_author(post_id,author_id) VALUES (5,67);
INSERT INTO post_author(post_id,author_id) VALUES (65,167);
INSERT INTO post_author(post_id,author_id) VALUES (58,35);
INSERT INTO post_author(post_id,author_id) VALUES (124,123);
INSERT INTO post_author(post_id,author_id) VALUES (5,39);
INSERT INTO post_author(post_id,author_id) VALUES (56,158);
INSERT INTO post_author(post_id,author_id) VALUES (150,24);
INSERT INTO post_author(post_id,author_id) VALUES (67,175);
INSERT INTO post_author(post_id,author_id) VALUES (53,80);
INSERT INTO post_author(post_id,author_id) VALUES (94,71);
INSERT INTO post_author(post_id,author_id) VALUES (28,156);
INSERT INTO post_author(post_id,author_id) VALUES (101,58);
INSERT INTO post_author(post_id,author_id) VALUES (70,16);
INSERT INTO post_author(post_id,author_id) VALUES (118,113);
INSERT INTO post_author(post_id,author_id) VALUES (3,198);
INSERT INTO post_author(post_id,author_id) VALUES (112,33);
INSERT INTO post_author(post_id,author_id) VALUES (62,46);
INSERT INTO post_author(post_id,author_id) VALUES (78,44);
INSERT INTO post_author(post_id,author_id) VALUES (128,192);
INSERT INTO post_author(post_id,author_id) VALUES (59,75);
INSERT INTO post_author(post_id,author_id) VALUES (80,59);
INSERT INTO post_author(post_id,author_id) VALUES (60,51);
INSERT INTO post_author(post_id,author_id) VALUES (104,83);
INSERT INTO post_author(post_id,author_id) VALUES (73,42);
